key,fr,en,es,it,pt
menu.title,Management du Club,Club Management,Gestión del Club,Gestione del Club,Gestão do Clube
menu.play,Match,Game,Partido,Partita,Partida
menu.play_season,Play Saison {season},Play Season {season},Jugar temporada {season},Gioca stagione {season},Jogar temporada {season}
menu.back,Retour,Back,Atrás,Indietro,Voltar
login.btn.cancel,Annuler,Cancel,Cancelar,Annulla,Cancelar
menu.mercato,Mercato,Transfers,Mercado,Mercato,Mercado
menu.finances,Finances,Finance,Finanzas,Finanze,Finanças
menu.sponsors,Sponsors,Sponsors,Patrocinadores,Sponsor,Patrocinadores
menu.club_tokens,Club Tokens,Club Tokens,Club Tokens,Club Tokens,Club Tokens
club_tokens.title,CLUB TOKENS,CLUB TOKENS,CLUB TOKENS,CLUB TOKENS,CLUB TOKENS
club_tokens.balance,Balance,Balance,Saldo,Saldo,Saldo
club_tokens.used_for,Utilisation,Used for,Usado para,Usati per,Usado para
club_tokens.used.coaches,Coachs,Coaches,Entrenadores,Allenatori,Treinadores
club_tokens.used.premium_upgrades,Améliorations premium,Premium upgrades,Mejoras premium,Miglioramenti premium,Melhorias premium
club_tokens.used.special_opportunities,Opportunités spéciales,Special opportunities,Oportunidades especiales,Opportunità speciali,Oportunidades especiais
club_tokens.used.time_savers,Gains de temps,Time savers,Ahorros de tiempo,Risparmi di tempo,Economia de tempo
club_tokens.how_to_earn,Comment en gagner,How to earn,Cómo ganarlos,Come ottenerli,Como ganhar
club_tokens.earn.missions,Missions,Missions,Misiones,Missioni,Missões
club_tokens.earn.tournaments,Tournois,Tournaments,Torneos,Tornei,Torneios
club_tokens.earn.season_rewards,Récompenses de saison,Season rewards,Recompensas de temporada,Ricompense stagionali,Recompensas da temporada
club_tokens.buy,ACHETER DES CLUB TOKENS,BUY CLUB TOKENS,COMPRAR CLUB TOKENS,ACQUISTA CLUB TOKENS,COMPRAR CLUB TOKENS
club_tokens.available_now,NOUVELLES OPPORTUNITÉS POUR FAIRE PROGRESSER TON CLUB,NEW OPPORTUNITIES TO TAKE YOUR CLUB FURTHER,NUEVAS OPORTUNIDADES PARA LLEVAR TU CLUB MÁS LEJOS,NUOVE OPPORTUNITÀ PER PORTARE IL CLUB PIÙ LONTANO,NOVAS OPORTUNIDADES PARA LEVAR O TEU CLUBE MAIS LONGE
club_tokens.coming_soon,PROCHAINES OPPORTUNITÉS,NEXT OPPORTUNITIES,PRÓXIMAS OPORTUNIDADES,PROSSIME OPPORTUNITÀ,PRÓXIMAS OPORTUNIDADES
club_tokens.cost.token,{amount} Token,{amount} Token,{amount} Token,{amount} Token,{amount} Token
club_tokens.cost.tokens,{amount} Tokens,{amount} Tokens,{amount} Tokens,{amount} Token,{amount} Tokens
club_tokens.action.unlock_now,Débloquer,Unlock now,Desbloquear ahora,Sblocca ora,Desbloquear agora
club_tokens.action.available,Disponible,Available,Disponible,Disponibile,Disponível
club_tokens.action.soon,Bientôt,Soon,Pronto,Presto,Em breve
club_tokens.opportunity.coach_junior,Recruter Coach Teddy,Hire Coach Teddy,Fichar entrenador Teddy,Ingaggia Coach Teddy,Contratar Treinador Teddy
club_tokens.opportunity.coach_confirme,Recruter Coach James,Hire Coach James,Fichar entrenador James,Ingaggia Coach James,Contratar Treinador James
club_tokens.opportunity.coach_elite,Recruter Coach Alan,Hire Coach Alan,Fichar entrenador Alan,Ingaggia Coach Alan,Contratar Treinador Alan
club_tokens.opportunity.skip_final_result,Passer le résumé du match,Skip Match Summary,Saltar resumen del partido,Salta riepilogo partita,Saltar resumo do jogo
club_tokens.opportunity.auto_save_lineup,Auto Save Lineup,Auto Save Lineup,Auto Save Lineup,Auto Save Lineup,Auto Save Lineup
club_tokens.opportunity.speed_up_stadium,Accélérer les travaux du stade,Speed Up Stadium Upgrade,Acelerar mejora del estadio,Accelera lavori stadio,Acelerar melhoria do estádio
club_tokens.opportunity.premium_sponsors,Sponsors Premium,Premium Sponsors,Patrocinadores premium,Sponsor premium,Patrocinadores premium
club_tokens.benefit.coach_junior,Développe tes jeunes joueurs plus vite après chaque match avec ton premier coach professionnel.,Develop your young players faster after every game with your first professional coach.,Desarrolla a tus jóvenes jugadores más rápido después de cada partido con tu primer entrenador profesional.,Fai crescere più velocemente i giovani giocatori dopo ogni partita con il tuo primo coach professionista.,Desenvolve os teus jovens jogadores mais depressa depois de cada jogo com o teu primeiro treinador profissional.
club_tokens.benefit.coach_confirme,Améliore la progression de ton effectif avec un staff plus expérimenté.,Improve your squad's progression with a more experienced coaching staff.,Mejora la progresión de tu plantilla con un cuerpo técnico más experimentado.,Migliora la progressione della rosa con uno staff tecnico più esperto.,Melhora a progressão do teu plantel com uma equipa técnica mais experiente.
club_tokens.benefit.coach_elite,Construis le staff le plus fort pour maximiser le développement à long terme de chaque joueur.,Build the strongest coaching staff to maximize every player's long-term development.,Construye el cuerpo técnico más fuerte para maximizar el desarrollo a largo plazo de cada jugador.,Costruisci lo staff più forte per massimizzare lo sviluppo a lungo termine di ogni giocatore.,Constrói a equipa técnica mais forte para maximizar o desenvolvimento a longo prazo de cada jogador.
club_tokens.benefit.skip_final_result,Gagne du temps après chaque match en passant la séquence d’après-match pour aller directement à ta prochaine décision.,Save time after every game by skipping the post-match sequence and jump directly to your next decision.,Ahorra tiempo después de cada partido saltando la secuencia postpartido y ve directo a tu próxima decisión.,Risparmia tempo dopo ogni partita saltando la sequenza post-partita e vai subito alla prossima decisione.,Poupa tempo depois de cada jogo ao saltar a sequência pós-jogo e avança diretamente para a próxima decisão.
club_tokens.benefit.auto_save_lineup,Ne reconstruis jamais deux fois la même composition. Ta composition précédente est automatiquement réutilisée avant chaque match.,Never build the same lineup twice. Your previous lineup is automatically reused before every game.,No vuelvas a montar dos veces la misma alineación. Tu alineación anterior se reutiliza automáticamente antes de cada partido.,Non ricostruire mai due volte la stessa formazione. La formazione precedente viene riutilizzata automaticamente prima di ogni partita.,Nunca montes a mesma equipa duas vezes. O alinhamento anterior é reutilizado automaticamente antes de cada jogo.
club_tokens.benefit.speed_up_stadium,Termine les travaux du stade plus tôt et profite de tes nouvelles installations avant tes plus grands matchs.,Finish stadium construction earlier and enjoy your new facilities before your biggest matches.,Termina las obras del estadio antes y disfruta tus nuevas instalaciones antes de tus partidos más importantes.,Termina prima i lavori dello stadio e sfrutta le nuove strutture prima delle partite più importanti.,Termina a construção do estádio mais cedo e aproveita as novas instalações antes dos jogos maiores.
club_tokens.benefit.premium_sponsors,Reçois des offres de sponsoring plus élevées et augmente les revenus de ton club pendant la saison.,Receive higher-value sponsorship offers and increase your club's income throughout the season.,Recibe ofertas de patrocinio de mayor valor y aumenta los ingresos de tu club durante la temporada.,Ricevi offerte sponsor di valore più alto e aumenta le entrate del club durante la stagione.,Recebe ofertas de patrocínio de maior valor e aumenta as receitas do clube ao longo da época.
club_tokens.progress.0,Gagne tes premiers Club Tokens pour débloquer de nouvelles opportunités !,Earn your first Club Tokens to unlock new opportunities!,Gana tus primeros Club Tokens para desbloquear nuevas oportunidades!,Guadagna i tuoi primi Club Token per sbloccare nuove opportunità!,Ganha os teus primeiros Club Tokens para desbloquear novas oportunidades!
club_tokens.progress.1,Félicitations ! Ton premier Club Token est prêt à être utilisé !,Congratulations! Your first Club Token is waiting to be spent!,¡Felicidades! Tu primer Club Token está listo para usarse!,Congratulazioni! Il tuo primo Club Token è pronto per essere usato!,Parabéns! O teu primeiro Club Token está pronto para ser usado!
club_tokens.progress.8,Tu te rapproches de ta première amélioration Club !,You're getting closer to your first Club upgrade!,¡Te acercas a tu primera mejora del club!,Ti stai avvicinando al primo miglioramento del club!,Estás perto da tua primeira melhoria do clube!
club_tokens.progress.10,Bravo ! Tu peux maintenant débloquer ta première fonctionnalité premium de management !,Great! You can now unlock your first premium management feature!,¡Genial! Ya puedes desbloquear tu primera función premium de gestión!,Ottimo! Ora puoi sbloccare la tua prima funzione premium di gestione!,Boa! Já podes desbloquear a tua primeira funcionalidade premium de gestão!
club_tokens.progress.25,Ton club est prêt pour des opportunités encore plus importantes !,Your club is ready for even bigger opportunities!,¡Tu club está listo para oportunidades aún mayores!,Il tuo club è pronto per opportunità ancora più grandi!,O teu clube está pronto para oportunidades ainda maiores!
club_tokens.progress.50,Fantastique ! Les grandes améliorations sont maintenant à portée !,Fantastic! Major upgrades are now within reach!,¡Fantástico! Las grandes mejoras ya están a tu alcance!,Fantastico! I grandi miglioramenti sono ora a portata!,Fantástico! As grandes melhorias estão agora ao teu alcance!
club_tokens.progress.100,Excellent ! Tu peux choisir parmi plusieurs grandes opportunités !,Excellent! You can now choose between several major opportunities!,¡Excelente! Ahora puedes elegir entre varias grandes oportunidades!,Eccellente! Ora puoi scegliere tra diverse grandi opportunità!,Excelente! Agora podes escolher entre várias grandes oportunidades!
club_tokens.progress.250,Exceptionnel ! Ton stock de Tokens ouvre des investissements majeurs !,Outstanding! Your Token balance opens up major investments!,¡Extraordinario! Tu saldo de Tokens abre grandes inversiones!,Straordinario! Il tuo saldo Token apre investimenti importanti!,Excelente! O teu saldo de Tokens abre grandes investimentos!
club_tokens.store.starter_pack,STARTER PACK,STARTER PACK,STARTER PACK,STARTER PACK,STARTER PACK
club_tokens.store.club_pack,CLUB PACK,CLUB PACK,CLUB PACK,CLUB PACK,CLUB PACK
club_tokens.store.manager_pack,MANAGER PACK,MANAGER PACK,MANAGER PACK,MANAGER PACK,MANAGER PACK
club_tokens.store.purchase_title,Achat de Club Tokens,Purchase Club Tokens,Comprar Club Tokens,Acquista Club Token,Comprar Club Tokens
club_tokens.store.secure_payment,Continuer vers le paiement sécurisé,Continue to secure payment,Continuar al pago seguro,Continua al pagamento sicuro,Continuar para pagamento seguro
club_tokens.store.continue,Continuer,Continue,Continuar,Continua,Continuar
club_tokens.no_available,Aucune opportunité disponible pour le moment.,No opportunity available right now.,No hay oportunidades disponibles ahora mismo.,Nessuna opportunità disponibile al momento.,Nenhuma oportunidade disponível agora.
club_tokens.no_available.subtitle,Continuez à progresser pour débloquer plus d’options.,Keep progressing to unlock more options.,Sigue progresando para desbloquear más opciones.,Continua a progredire per sbloccare più opzioni.,Continua a progredir para desbloquear mais opções.
club_tokens.coming.training_center,Construire un centre d’entraînement,Build a Training Center,Construir un centro de entrenamiento,Costruisci un centro di allenamento,Construir um centro de treino
club_tokens.coming.premium_sponsors,Débloquer des sponsors premium,Unlock Premium Sponsors,Desbloquear patrocinadores premium,Sblocca sponsor premium,Desbloquear patrocinadores premium
club_tokens.coming.special_events,Participer à des événements spéciaux,Join Special Events,Participar en eventos especiales,Partecipa a eventi speciali,Participar em eventos especiais
club_tokens.coming.subtitle,Bientôt disponible,Coming soon,Próximamente,In arrivo,Em breve
club_tokens.coming.benefit.training_center,Débloque de nouvelles options d’entraînement pour ton club.,Unlock advanced training options for your club.,Desbloquea opciones avanzadas de entrenamiento para tu club.,Sblocca opzioni di allenamento avanzate per il tuo club.,Desbloqueia opções avançadas de treino para o teu clube.
club_tokens.coming.benefit.premium_sponsors,Accède à des contrats de sponsoring plus précieux.,Access more valuable sponsorship contracts.,Accede a contratos de patrocinio más valiosos.,Accedi a contratti di sponsorizzazione più preziosi.,Acede a contratos de patrocínio mais valiosos.
club_tokens.coming.benefit.special_events,Participe à des défis de club limités dans le temps.,Enter limited-time club challenges.,Participa en desafíos de club por tiempo limitado.,Partecipa a sfide club a tempo limitato.,Participa em desafios de clube por tempo limitado.
club_tokens.status.coming_soon,Bientôt disponible,Coming soon,Próximamente,In arrivo,Em breve
club_tokens.history,Historique,History,Historial,Cronologia,Histórico
club_tokens.history.close,Fermer,Close,Cerrar,Chiudi,Fechar
club_tokens.history.empty,Aucun historique de Tokens pour le moment.,No token history yet.,Aún no hay historial de Tokens.,Nessuna cronologia Token per ora.,Ainda não há histórico de Tokens.
club_tokens.history.tokens,Tokens,Tokens,Tokens,Token,Tokens
club_tokens.history.season_reward,Récompense de saison,Season reward,Recompensa de temporada,Ricompensa stagionale,Recompensa da temporada
club_tokens.history.current_balance,Solde actuel,Current balance,Saldo actual,Saldo attuale,Saldo atual
club_tokens.history.previous_balance,Tokens déjà obtenus,Tokens already earned,Tokens ya obtenidos,Token già ottenuti,Tokens já obtidos
club_tokens.history.reason.reward,Récompense Tokens,Token reward,Recompensa de Tokens,Ricompensa Token,Recompensa de Tokens
club_tokens.history.reason.mission,Mission terminée,Mission completed,Misión completada,Missione completata,Missão concluída
club_tokens.history.reason.tournament,Récompense de tournoi,Tournament reward,Recompensa de torneo,Ricompensa torneo,Recompensa de torneio
club_tokens.history.reason.token_pack,Pack de Tokens,Token pack,Pack de Tokens,Pacchetto Token,Pacote de Tokens
club_tokens.history.reason.club_identity,Club Identity,Club Identity,Club Identity,Club Identity,Club Identity
club_tokens.history.reason.auto_save_lineup,Auto Save Lineup,Auto Save Lineup,Auto Save Lineup,Auto Save Lineup,Auto Save Lineup
club_tokens.history.reason.skip_match_summary,Résumé de match passé,Skip Match Summary,Saltar resumen del partido,Salta riepilogo partita,Saltar resumo do jogo
club_tokens.nav.overview,Overview,Overview,Resumen,Panoramica,Resumo
club_tokens.nav.comfort,Confort,Comfort,Comodidad,Comfort,Conforto
club_tokens.nav.development,Développement,Development,Desarrollo,Sviluppo,Desenvolvimento
club_tokens.nav.premium,Premium,Premium,Premium,Premium,Premium
home_arena.title,HOME ARENA,HOME ARENA,HOME ARENA,HOME ARENA,HOME ARENA
home_arena.overview_subtitle,Transforme tes matchs à domicile en arena premium.,Transform your home games into a premium arena.,Transforma tus partidos en casa en una arena premium.,Trasforma le partite in casa in un'arena premium.,Transforma os teus jogos em casa numa arena premium.
home_arena.setup_cta,SET UP HOME ARENA,SET UP HOME ARENA,CONFIGURAR HOME ARENA,CONFIGURA HOME ARENA,CONFIGURAR HOME ARENA
home_arena.placeholder_cta,BIENTÔT DISPONIBLE,COMING SOON,PRÓXIMAMENTE,IN ARRIVO,EM BREVE
home_arena.select,SÉLECTIONNER,SELECT,SELECCIONAR,SELEZIONA,SELECIONAR
home_arena.selected,SÉLECTIONNÉE,SELECTED,SELECCIONADA,SELEZIONATA,SELECIONADA
home_arena.confirm_select,Sélectionner Home Arena pour {cost} Tokens ?,Select Home Arena for {cost} Tokens?,¿Seleccionar Home Arena por {cost} Tokens?,Selezionare Home Arena per {cost} Token?,Selecionar Home Arena por {cost} Tokens?
home_arena.congratulations,Félicitations !,Congratulations!,¡Felicidades!,Congratulazioni!,Parabéns!
sponsors.title,SPONSORS,SPONSORS,PATROCINADORES,SPONSOR,PATROCINADORES
sponsors.subtitle,Augmente les revenus de ton club en signant des contrats de sponsoring.,Increase your club revenue by signing sponsorship contracts.,Aumenta los ingresos de tu club firmando contratos de patrocinio.,Aumenta le entrate del club firmando contratti di sponsorizzazione.,Aumente a receita do seu clube assinando contratos de patrocínio.
sponsors.current_title,SPONSOR ACTUEL,CURRENT SPONSOR,PATROCINADOR ACTUAL,SPONSOR ATTUALE,PATROCINADOR ATUAL
sponsors.current_empty,Aucun sponsor actif.,No active sponsor.,No hay patrocinador activo.,Nessuno sponsor attivo.,Nenhum patrocinador ativo.
sponsors.available_title,OFFRES DISPONIBLES,AVAILABLE OFFERS,OFERTAS DISPONIBLES,OFFERTE DISPONIBILI,OFERTAS DISPONÍVEIS
sponsors.available_empty,Aucune offre disponible pour le moment.,No offers available yet.,Aún no hay ofertas disponibles.,Nessuna offerta disponibile per ora.,Ainda não há ofertas disponíveis.
sponsors.info,De nouvelles opportunités de sponsoring seront disponibles à mesure que ton club grandira.,New sponsorship opportunities will become available as your club grows.,Nuevas oportunidades de patrocinio estarán disponibles a medida que tu club crezca.,Nuove opportunità di sponsorizzazione saranno disponibili man mano che il club cresce.,Novas oportunidades de patrocínio ficarão disponíveis à medida que seu clube crescer.
sponsors.sign_contract,SIGN CONTRACT,SIGN CONTRACT,FIRMAR CONTRATO,FIRMA CONTRATTO,ASSINAR CONTRATO
sponsors.active,ACTIVE,ACTIVE,ACTIVO,ATTIVO,ATIVO
sponsors.unavailable,INDISPONIBLE,UNAVAILABLE,NO DISPONIBLE,NON DISPONIBILE,INDISPONÍVEL
sponsors.remaining,Restant,Remaining,Restante,Rimanente,Restante
sponsors.remaining_matches,matchs,games,partidos,partite,partidas
sponsors.remaining_seasons,saison,season,temporada,stagione,temporada
sponsors.expired,EXPIRÉ,EXPIRED,EXPIRADO,SCADUTO,EXPIRADO
sponsors.no_active_contract,Aucun contrat sponsor actif. De nouvelles offres seront disponibles au début de la prochaine saison.,No active sponsor contract. New offers will be available at the start of next season.,No hay contrato de patrocinio activo. Habrá nuevas ofertas al inicio de la próxima temporada.,Nessun contratto sponsor attivo. Nuove offerte saranno disponibili all'inizio della prossima stagione.,Nenhum contrato de patrocínio ativo. Novas ofertas estarão disponíveis no início da próxima temporada.
sponsors.confirm_title,Confirm sponsor agreement ?,Confirm sponsor agreement ?,Confirm sponsor agreement ?,Confirm sponsor agreement ?,Confirm sponsor agreement ?
sponsors.confirm_message,Confirmer l'engagement avec ce sponsor ?,Confirm agreement with this sponsor?,¿Confirmar acuerdo con este patrocinador?,Confermare l'accordo con questo sponsor?,Confirmar acordo com este patrocinador?
sponsors.family.local,Local,Local,Local,Locale,Local
sponsors.family.national,National,National,Nacional,Nazionale,Nacional
sponsors.family.premium,Premium,Premium,Premium,Premium,Premium
sponsors.payment.per_match,par match,per match,por partido,per partita,por partida
sponsors.payment.per_season,par saison,per season,por temporada,per stagione,por temporada
sponsors.unit.match,match,game,partido,partita,partida
sponsors.unit.matches,matchs,games,partidos,partite,partidas
sponsors.unit.season,saison,season,temporada,stagione,temporada
sponsors.unit.seasons,saisons,seasons,temporadas,stagioni,temporadas
sponsors.bonus.top_10,Top 10,Top 10,Top 10,Top 10,Top 10
sponsors.bonus.top_5,Top 5,Top 5,Top 5,Top 5,Top 5
sponsors.bonus.top_3,Top 3,Top 3,Top 3,Top 3,Top 3
sponsors.bonus.finalist,Finaliste,Finalist,Finalista,Finalista,Finalista
sponsors.bonus.champion,Champion,Champion,Campeón,Campione,Campeão
sponsors.bonus.tournament_winner,Vainqueur tournoi,Tournament winner,Ganador de torneo,Vincitore torneo,Vencedor do torneio
sponsors.bonus.none,Aucun,None,Ninguno,Nessuno,Nenhum
sponsors.field.revenue,Revenu,Revenue,Ingresos,Entrate,Receita
sponsors.field.duration,Durée,Duration,Duración,Durata,Duração
sponsors.field.bonus,Bonus,Bonus,Bonus,Bonus,Bônus
sponsors.name.local_pizzeria,FastBurger,FastBurger,FastBurger,FastBurger,FastBurger
sponsors.name.local_sports_shop,City Garage,City Garage,City Garage,City Garage,City Garage
sponsors.name.local_cafe,SportOne,SportOne,SportOne,SportOne,SportOne
sponsors.name.national_bank,Blue Cola,Blue Cola,Blue Cola,Blue Cola,Blue Cola
sponsors.name.national_media,Voltix,Voltix,Voltix,Voltix,Voltix
sponsors.name.national_airline,NeoBank,NeoBank,NeoBank,NeoBank,NeoBank
sponsors.name.premium_global_tech,AeroTech,AeroTech,AeroTech,AeroTech,AeroTech
sponsors.name.premium_sportswear,Titan Energy,Titan Energy,Titan Energy,Titan Energy,Titan Energy
sponsors.name.premium_global_motors,Global Motors,Global Motors,Global Motors,Global Motors,Global Motors
STADIUM_RESUME,Reprendre la partie,Resume,Reanudar,Riprendi,Rettomare
STADIUM_SIGNUP,S'inscrire / Créer Cloud Team,Sign Up / Create Cloud Team,Registrarse / Crear Cloud Team,Iscriversi / Creare Cloud Team,Inscrever / Criar Cloud Team
STADIUM_CREATE_MY_TEAM,Créer mon équipe,Create My Team,Crear mi equipo,Crea la mia squadra,Criar minha equipa
TEAMNAME_TITLE,Crée le nom de ton équipe,Create your team name,Crea el nombre de tu equipo,Crea il nome della tua squadra,Cria o nome da tua equipa
TEAMNAME_CREATE,Confirmer et créer l'équipe,Confirm & Create Team,Confirmar y crear equipo,Conferma e crea squadra,Confirmar e criar equipa
BTN_BACK,Retour,Back,Atrás,Indietro,Voltar
season.back_to_management,Retour au Management,Back to Management,Volver a Gestión,Torna alla Gestione,Voltar à Gestão
tournois.back_to_season,Retour à la Saison,Back to Season,Volver a Temporada,Torna alla Stagione,Voltar à Temporada
BTN_ADD,Ajouter,Select,Añadir,Aggiungi,Adicionar
BTN_REMOVE,Retirer,Remove,Quitar,Rimuovi,Remover
BTN_VALIDATE_SELECTION,Valider sélection,Confirm selection,Validar selección,Conferma selezione,Validar seleção
LABEL_JOURNEE,Journée,Gameday,Jornada,Giornata,Jornada
LABEL_MANAGEMENT,Management du Club,Club Management,Gestión del Club,Gestione del Club,Gestão do Clube
BTN_BACK_LOGIN,Retour Login,Back to Login,Volver a Login,Torna al Login,Voltar ao Login
teamname.title,Crée le nom de ton équipe,Create your team name,Crea el nombre de tu equipo,Crea il nome della tua squadra,Cria o nome da tua equipa
teamname.create,Confirmer et créer l'équipe,Confirm & Create Team,Confirmar y crear equipo,Conferma e crea squadra,Confirmar e criar equipa
teamname.back,Retour,Back,Atrás,Indietro,Voltar
player.add,Ajouter,Add,Añadir,Aggiungi,Adicionar
player.remove,Retirer,Remove,Quitar,Rimuovi,Remover
selection.validate,Valider sélection,Confirm selection,Validar selección,Conferma selezione,Validar seleção
selection.selected,Sélectionnés:,Selected:,Seleccionados:,Selezionati:,Selecionados:
,,,,,
selection.title,Sélectionne 8 joueurs,Select 8 players,Selecciona 8 jugadores,Seleziona 8 giocatori,Seleciona 8 jogadores
selection.crest.choose_title,Choisis le blason de ton club,Choose your club crest,Elige el escudo de tu club,Scegli lo stemma del tuo club,Escolhe o emblema do teu clube
menu.day_progress,Journée {j} | {w}V-{l}D,Day {j} | {w}W-{l}L,Jornada {j} | {w}V-{l}D,Giornata {j} | {w}V-{l}S,Jornada {j} | {w}V-{l}D
menu.title_with_club,Management du Club : {club},Club Management: {club},Gestión del Club: {club},Gestione del Club: {club},Gestão do Clube: {club}
menu.back_login,Retour Login,Back to Login,Volver al Login,Torna al Login,Voltar ao Login
menu.day,Journée,Day,Jornada,Giornata,Jornada
matchsim.team_default,Mon équipe,My team,Mi equipo,La mia squadra,Minha equipe
matchsim.opponent_default,Adversaire,Opponent,Rival,Avversario,Adversário
matchsim.result_win,Victoire !,Win!,¡Victoria!,Vittoria!,Vitória!
matchsim.result_loss,Défaite,Loss,Derrota,Sconfitta,Derrota
matchsim.result_draw,Match nul,Draw,Empate,Pareggio,Empate
matchsim.end_prefix,Fin du match :,End of game:,Fin del partido:,Fine partita:,Fim do jogo:
matchsim.summary_draw,Match équilibré; échanges de paniers; suspense jusqu’au buzzer final.,Tight game; trading baskets; suspense until the final buzzer.,Partido igualado; intercambio de canastas; suspense hasta el final.,Gara equilibrata; scambi di canestri; suspense fino alla sirena.,Jogo equilibrado; troca de cestas; suspense até ao buzzer final.
matchsim.summary_comeback_win,Après une première mi-temps difficile; superbe retour et victoire au caractère.,After a tough first half; great comeback and a win with grit.,Tras una mala primera parte; gran reacción y victoria con carácter.,Dopo un primo tempo difficile; rimonta splendida e vittoria di carattere.,Após uma primeira parte difícil; grande reação e vitória com garra.
matchsim.summary_comeback_loss,Bon départ; puis baisse d’intensité; l’adversaire renverse le match en fin.,Strong start; then intensity drops; opponent turns it late.,Buen inicio; luego baja la intensidad; el rival remonta al final.,Buona partenza; poi calo d’intensità; l’avversario ribalta nel finale.,Bom início; depois queda de intensidade; o rival vira no fim.
matchsim.summary_win_close,Match serré; victoire au mental; défense solide et paniers décisifs en fin.,Close game; tough win; solid defense and clutch buckets late.,Partido ajustado; victoria mental; defensa firme y canastas decisivas al final.,Match tirato; vittoria di cuore; difesa solida e canestri decisivi nel finale.,Jogo apertado; vitória na raça; defesa firme e cestas decisivas no fim.
matchsim.summary_win_big,Victoire nette; rythme élevé; domination au rebond et adresse constante.,Big win; high pace; rebounding edge and steady shooting all game.,Victoria clara; ritmo alto; dominio del rebote y acierto constante.,Vittoria netta; ritmo alto; dominio a rimbalzo e buona precisione costante.,Vitória clara; ritmo alto; domínio nos ressaltos e bom aproveitamento constante.
matchsim.summary_win_control,Victoire maîtrisée; bonne adresse; rotations efficaces et défense solide.,Controlled win; good shooting; effective rotations and steady defense.,Victoria controlada; buen acierto; rotaciones eficaces y defensa sólida.,Vittoria gestita; buona precisione; rotazioni efficaci e difesa solida.,Vitória controlada; bom aproveitamento; rotações eficazes e defesa firme.
matchsim.summary_loss_close,Défaite frustrante; match accroché; quelques pertes de balle coûtent cher.,Frustrating loss; tight game; a few turnovers prove costly.,Derrota frustrante; partido ajustado; algunas pérdidas cuestan caro.,Sconfitta amara; gara equilibrata; alcune palle perse pesano.,Derrota frustrante; jogo apertado; alguns erros custam caro.
matchsim.summary_loss_big,Défaite lourde; manque d’adresse; trop d’erreurs et rival plus intense.,Heavy loss; poor shooting; too many mistakes and a more intense opponent.,Derrota dura; poco acierto; demasiados errores y rival más intenso.,Sconfitta pesante; poca precisione; troppi errori e avversario più intenso.,Derrota pesada; baixo aproveitamento; muitos erros e rival mais intenso.
matchsim.summary_loss_normal,Défaite logique; trop d’irrégularité; rythme subi et difficulté à conclure.,Fair loss; inconsistency; tempo against us and trouble finishing possessions.,Derrota lógica; irregularidad; ritmo en contra y dificultad para cerrar posesiones.,Sconfitta meritata; incostanza; ritmo subito e difficoltà a chiudere i possessi.,Derrota justa; irregularidade; ritmo contra e dificuldade em concluir posses.
matchsim.summary_default,Match intense; rythme soutenu; quelques tournants clés font la différence aujourd’hui.,Intense game; high pace; key moments made the difference today.,Partido intenso; ritmo alto; momentos clave marcaron la diferencia hoy.,Partita intensa; ritmo alto; episodi chiave hanno fatto la differenza oggi.,Jogo intenso; ritmo alto; momentos-chave fizeram a diferença hoje.
matchsim.summary_win_normal,Victoire maîtrisée; bonne adresse; rotations efficaces et défense solide.,Controlled win; good shooting; effective rotations and steady defense.,Victoria controlada; buen acierto; rotaciones eficaces y defensa sólida.,Vittoria gestita; buona precisione; rotazioni efficaci e difesa solida.,Vitória controlada; bom aproveitamento; rotações eficazes e defesa firme.
matchsim.stats_2p,% tirs 2 pts,2PT FG%,% tiros 2 pts,% tiri 2 pt,% lances 2 pts
matchsim.stats_3p,% tirs 3 pts,3PT FG%,% tiros 3 pts,% tiri 3 pt,% lances 3 pts
matchsim.stats_mvp,MVP du match,Game MVP,MVP del partido,MVP della partita,MVP do jogo
matchsim.mvp_home_fallback,Joueur,Player,Jugador,Giocatore,Jogador
matchsim.mvp_home_short,—,—,—,—,—
,,,,,
matchsim.btn_skip,Voir le résultat,See final result,Ver resultado final,Vedi risultato finale,Ver resultado final
matchsim.continue_to_season,Continuer vers la Saison,Continue to Season,Continuar a Temporada,Continua alla Stagione,Continuar para a Temporada
season.btn_play_match,Jouer le match,Play game,Jugar el partido,Gioca la partita,Jogar a partida
stadium.title,Stadium,Stadium,,,
stadium.tab.shop,Boutique,Shop,Tienda,Negozio,Loja
stadium.tab.ticketing,Billetterie,Ticketing,Entradas,Biglietteria,Bilheteria
stadium.tab.cafe,Cafétéria,Cafeteria,,,
stadium.tab.upgrade,Évolution Stade,Stadium Upgrade,Mejora del estadio,Evoluzione stadio,Evolução do estádio
stadium.ticketing.title,Billetterie,Ticketing,,,
stadium.ticketing.col.category,Cat.,Cat.,,,
stadium.ticketing.col.price,Prix ($),Price ($),,,
stadium.ticketing.col.seats,Places,Seats,,,
stadium.ticketing.col.estimated_revenue_short,Rev. est.,Est. Revenue,Ing. est.,Ric. stim.,Rec. est.
stadium.ticketing.cat.a,A,A,,,
stadium.ticketing.cat.b,B,B,,,
stadium.ticketing.cat.c,C,C,,,
stadium.ticketing.total,Total,Total,,,
menu.tab.club,Club,Club,Club,Club,Club
menu.tab.ranking,Classement,Ranking,Clasificación,Classifica,Classificação
ranking.title,Classement mondial — Winrate,World Ranking — Winrate,Ranking mundial — Winrate,Classifica mondiale — Winrate,Ranking mundial — Winrate
ranking.col.rank,#,#,#,#,#
ranking.col.club,Nom du Club,Club Name,Nombre del club,Nome del club,Nome do clube
ranking.col.winrate,Winrate,Winrate,Winrate,Winrate,Winrate
ranking.col.titles,Titres,Titles,Títulos,Titoli,Títulos
ranking.col.level,Niveau,Level,Nivel,Livello,Nível
ranking.loading,Chargement…,Loading…,Cargando…,Caricamento…,Carregando…
ranking.me_suffix,(Moi),(Me),(Yo),(Io),(Eu)
ranking.invalid_json,JSON invalide,Invalid JSON,JSON inválido,JSON non valido,JSON inválido
ranking.http_error_prefix,Erreur: ,Error: ,Error: ,Errore: ,Erro: 
menu.btn_save,Sauvegarder,Save,Guardar,Salva,Guardar
menu.save_ok,Sauvegarde OK,Save OK,Guardado correcto,Salvataggio OK,Guardado OK
saison.tab.standings,Classement,Standings,Clasificación,Classifica,Classificação
saison.tab.stats,Statistiques,Stats,Estadísticas,Statistiche,Estatísticas
saison.tab.calendar,Calendrier,Calendar,Calendario,Calendario,Calendário
saisons.tab.standings,Classement,Standings,Clasificación,Classifica,Classificação
saisons.tab.stats,Statistiques,Stats,Estadísticas,Statistiche,Estatísticas
saisons.tab.calendar,Calendrier,Calendar,Calendario,Calendario,Calendário
saison.tab.missions,Missions,Missions,Misiones,Missioni,Missões
saison.tab.tournois,Tournois,Tournaments,Torneos,Tornei,Torneios
popup_intro_title,Build Your Roster,Build Your Roster,Build Your Roster,Build Your Roster,Build Your Roster
popup_intro_build_title,🏟 Construisez votre club,🏟 Build your club,🏟 Construye tu club,🏟 Costruisci il tuo club,🏟 Construa seu clube
popup_intro_build_body,"Start by selecting the players for your club : compare their attributes and salaries to build your roster.\nFrom game 5, you'll choose your lineup with these players.","Start by selecting the players for your club : compare their attributes and salaries to build your roster.\nFrom game 5, you'll choose your lineup with these players.","Start by selecting the players for your club : compare their attributes and salaries to build your roster.\nFrom game 5, you'll choose your lineup with these players.","Start by selecting the players for your club : compare their attributes and salaries to build your roster.\nFrom game 5, you'll choose your lineup with these players.","Start by selecting the players for your club : compare their attributes and salaries to build your roster.\nFrom game 5, you'll choose your lineup with these players."
popup_intro_select_players,Select Players,Select Players,Select Players,Select Players,Select Players
popup_intro_decisions_title,📊 Prenez les bonnes décisions,📊 Make the right decisions,📊 Toma las decisiones correctas,📊 Prendi le decisioni giuste,📊 Tome as decisões certas
popup_intro_decisions_body,"Recrutez des joueurs, développez votre popularité : plus elle est élevée, plus les spectateurs viendront au stade.","Recruit players, grow your popularity: the higher it is, the more spectators will come to the stadium.","Ficha jugadores y aumenta tu popularidad: cuanto más alta sea, más espectadores vendrán al estadio.","Ingaggia giocatori e aumenta la tua popolarità: più è alta, più spettatori verranno allo stadio.","Contrate jogadores e aumente sua popularidade: quanto mais alta ela for, mais espectadores virão ao estádio."
popup_intro_sim_title,>> Les matchs sont simulés,>> Gamees are simulated,>> Los partidos se simulan,>> Le partite sono simulate,>> As partidas são simuladas
popup_intro_sim_body,Développez votre équipe : votre stratégie et votre effectif déterminent le résultat.,Develop your team: your strategy and squad determine the result.,Desarrolla tu equipo: tu estrategia y tu plantilla determinan el resultado.,Sviluppa la tua squadra: la tua strategia e la tua rosa determinano il risultato.,Desenvolva sua equipe: sua estratégia e seu elenco determinam o resultado.
popup_intro_close,Fermer,Close,Cerrar,Chiudi,Fechar
popup_intro_dont_show,Ne plus afficher,Don't show again,No mostrar de nuevo,Non mostrare più,Não mostrar novamente
popup_match_title,Journée de match,Welcome to Game Day,Día de partido,Giorno della partita,Dia de jogo
popup_match_play_title,>> Lancez vos matchs,>> Launch your gamees,>> Lanza tus partidos,>> Avvia le partite,>> Lance suas partidas
popup_match_play_body,Suivez le déroulement du match avec un résultat visuel en temps réel.,Watch the game unfold with live visual results.,Sigue el partido con resultados visuales en tiempo real.,Segui la partita con risultati visivi in tempo reale.,Acompanhe a partida com resultados visuais em tempo real.
popup_match_season_title,>> Suivez votre saison,>> Follow your season,>> Sigue tu temporada,>> Segui la tua stagione,>> Acompanhe sua temporada
popup_match_season_body,Consultez le classement et suivez la progression de votre club.,Check the standings and track your club’s progress.,Consulta la clasificación y sigue el progreso de tu club.,Controlla la classifica e segui i progressi del tuo club.,Veja a classificação e acompanhe o progresso do seu clube.
popup_match_extra_title,>> Relevez des défis supplémentaires,>> Take on extra challenges,>> Acepta nuevos desafíos,>> Affronta nuove sfide,>> Enfrente novos desafios
popup_match_extra_body,Participez aux tournois et accomplissez des missions pour développer votre club.,Join tournaments and complete missions to grow your club.,Participa en torneos y completa misiones para desarrollar tu club.,Partecipa ai tornei e completa missioni per far crescere il tuo club.,Participe de torneios e complete missões para desenvolver seu clube.
popup.sponsors.title,New Sponsorship Opportunities,New Sponsorship Opportunities,New Sponsorship Opportunities,New Sponsorship Opportunities,New Sponsorship Opportunities
popup.sponsors.body,Your club is starting to attract attention.\nChoose the contract that best fits your ambitions.,Your club is starting to attract attention.\nChoose the contract that best fits your ambitions.,Your club is starting to attract attention.\nChoose the contract that best fits your ambitions.,Your club is starting to attract attention.\nChoose the contract that best fits your ambitions.,Your club is starting to attract attention.\nChoose the contract that best fits your ambitions.
popup.sponsors_expired.title,New Sponsorship Opportunities,New Sponsorship Opportunities,New Sponsorship Opportunities,New Sponsorship Opportunities,New Sponsorship Opportunities
popup.sponsors_expired.body,Your sponsorship contract has ended.\nNew partnership opportunities are now available.,Your sponsorship contract has ended.\nNew partnership opportunities are now available.,Your sponsorship contract has ended.\nNew partnership opportunities are now available.,Your sponsorship contract has ended.\nNew partnership opportunities are now available.,Your sponsorship contract has ended.\nNew partnership opportunities are now available.
popup.club_tokens.title,Club Tokens,Club Tokens,Club Tokens,Club Tokens,Club Tokens
popup.club_tokens.body,"Tes premiers tokens sont prêts !
Gagne-les grâce aux missions, aux tournois et aux récompenses.","Your first tokens are ready!
Earn them through missions, tournaments and rewards.","¡Tus primeros tokens están listos!
Consíguelos con misiones, torneos y recompensas.","I tuoi primi token sono pronti!
Ottienili con missioni, tornei e ricompense.","Os teus primeiros tokens estão prontos!
Ganha-os em missões, torneios e recompensas."
startup.preparing_club,Préparation de ton club...,Preparing your club...,Preparando tu club...,Preparazione del tuo club...,A preparar o teu clube...
startup.just_seconds_more,"Chaque match fait avancer ton club : finances, stade, sponsors, tokens, mercato et coachs se débloquent progressivement. 22 matchs / saison.","Each game moves your club forward: finances, stadium, sponsors, tokens, transfer market and coaches unlock progressively. 22 games per season.","Cada partido hace avanzar tu club: finanzas, estadio, patrocinadores, tokens, mercado y entrenadores se desbloquean progresivamente. 22 partidos por temporada.","Ogni partita fa avanzare il tuo club: finanze, stadio, sponsor, token, mercato e coach si sbloccano progressivamente. 22 partite a stagione.","Cada jogo faz o teu clube avançar: finanças, estádio, patrocinadores, tokens, mercado e treinadores desbloqueiam-se progressivamente. 22 jogos por época."
startup.ready_to_manage_full_team,"Chaque décision compte : composition, fatigue, motivation, finances et progression du club influencent tes résultats.\nParticipe aux tournois pendant la saison pour gagner plus d'argent et faire évoluer ton stade pour accueillir plus de public.\nCustomise ton équipe et profite de l'arrivée des sponsors pour améliorer tes performances.\nCompare tes résultats avec les autres équipes.","Every decision matters: lineup, fatigue, motivation, finances and club progression influence your results.\nJoin tournaments during the season to earn more money and upgrade your stadium to welcome bigger crowds.\nCustomize your team and use incoming sponsors to improve your performances.\nCompare your results with other teams.","Cada decisión cuenta: alineación, fatiga, motivación, finanzas y progresión del club influyen en tus resultados.\nParticipa en torneos durante la temporada para ganar más dinero y mejorar tu estadio para recibir más público.\nPersonaliza tu equipo y aprovecha la llegada de patrocinadores para mejorar tu rendimiento.\nCompara tus resultados con otros equipos.","Ogni decisione conta: formazione, fatica, motivazione, finanze e crescita del club influenzano i tuoi risultati.\nPartecipa ai tornei durante la stagione per guadagnare più denaro e far evolvere lo stadio per accogliere più pubblico.\nPersonalizza la tua squadra e sfrutta l’arrivo degli sponsor per migliorare le prestazioni.\nConfronta i tuoi risultati con le altre squadre.","Cada decisão conta: composição, fadiga, motivação, finanças e evolução do clube influenciam os teus resultados.\nParticipa em torneios durante a época para ganhar mais dinheiro e melhorar o estádio para receber mais público.\nPersonaliza a tua equipa e aproveita a chegada dos patrocinadores para melhorar as tuas prestações.\nCompara os teus resultados com outras equipas."
stadium.level,Niveau,Level,Nivel,Livello,Nível
stadium.target_level,Niveau cible,Target level,Nivel objetivo,Livello obiettivo,Nível alvo
stadium.capacity,Capacité,Capacity,Capacidad,Capacità,Capacidade
stadium.new_capacity,Nouvelle capacité,New Capacity,Nueva capacidad,Nuova capacità,Nova capacidade
stadium.cost,Coût,Cost,Coste,Costo,Custo
stadium.duration,Durée des travaux,Works duration,Duración de las obras,Durata dei lavori,Duração das obras
stadium.duration_unit,match(s),games,partidos,partite,jogos
stadium.work_duration,Work duration,Work duration,Work duration,Work duration,Work duration
stadium.duration_one_game,1 game,1 game,1 game,1 game,1 game
stadium.basic_improvements,Basic Improvements,Basic Improvements,Basic Improvements,Basic Improvements,Basic Improvements
stadium.basic_improvements_desc,Improve seating and refresh the facilities.,Improve seating and refresh the facilities.,Improve seating and refresh the facilities.,Improve seating and refresh the facilities.,Improve seating and refresh the facilities.
stadium.capacity_bonus.basic,Better fan comfort,Better fan comfort,Better fan comfort,Better fan comfort,Better fan comfort
stadium.capacity_bonus.1_2,VIP seating,VIP seating,VIP seating,VIP seating,VIP seating
stadium.capacity_bonus.1_3,New food court,New food court,New food court,New food court,New food court
stadium.capacity_bonus.2_1,Covered stands,Covered stands,Covered stands,Covered stands,Covered stands
stadium.capacity_bonus.2_2,Premium hospitality,Premium hospitality,Premium hospitality,Premium hospitality,Premium hospitality
stadium.confirm_upgrade,Confirmer l'évolution,Confirm upgrade,Confirmar mejora,Conferma miglioramento,Confirmar melhoria
stadium.upgrade.save_missing,Save introuvable.,Save not found.,Guardado no encontrado.,Salvataggio non trovato.,Save não encontrado.
stadium.upgrade.next_level_missing,Fonction stadium_next_level introuvable.,stadium_next_level function not found.,Función stadium_next_level no encontrada.,Funzione stadium_next_level non trovata.,Função stadium_next_level não encontrada.
stadium.upgrade.none_available,Aucune évolution de stade disponible.,No stadium upgrade available.,No hay mejora de estadio disponible.,Nessun miglioramento stadio disponibile.,Nenhuma melhoria de estádio disponível.
stadium.upgrade.works_in_progress,Travaux en cours vers le niveau {level}\nMatchs restants : {remaining},Upgrade in progress to level {level}\nGames remaining: {remaining},Mejora en curso hacia el nivel {level}\nPartidos restantes: {remaining},Lavori in corso verso il livello {level}\nPartite rimanenti: {remaining},Obras em curso para o nível {level}\nPartidas restantes: {remaining}
stadium.upgrade.launch_missing,Fonction stadium_launch_upgrade introuvable.,stadium_launch_upgrade function not found.,Función stadium_launch_upgrade no encontrada.,Funzione stadium_launch_upgrade non trovata.,Função stadium_launch_upgrade não encontrada.
stadium.upgrade.invalid_response,Réponse invalide.,Invalid response.,Respuesta no válida.,Risposta non valida.,Resposta inválida.
stadium.upgrade.insufficient_funds,Fonds insuffisants.\nWallet disponible : {wallet} $,Insufficient funds.\nAvailable wallet: {wallet} $,Fondos insuficientes.\nWallet disponible: {wallet} $,Fondi insufficienti.\nWallet disponibile: {wallet} $,Fundos insuficientes.\nWallet disponível: {wallet} $
stadium.upgrade.invalid_step,Palier invalide.,Invalid tier.,Nivel no válido.,Livello non valido.,Patamar inválido.
stadium.upgrade.impossible,Évolution impossible.,Upgrade impossible.,Mejora imposible.,Miglioramento impossibile.,Melhoria impossível.
stadium.upgrade.applied,Évolution du stade appliquée.,Stadium upgrade applied.,Mejora del estadio aplicada.,Miglioramento dello stadio applicato.,Melhoria do estádio aplicada.
stadium.upgrade.started,Travaux lancés pour {duration} match(s).,Upgrade started for {duration} game(es).,Obras iniciadas por {duration} partido(s).,Lavori avviati per {duration} partita/e.,Obras iniciadas por {duration} partida(s).
club.popularity,Popularité,Popularity,Popularidad,Popolarità,Popularidade
btn.confirm,Confirmer,Confirm,Confirmar,Conferma,Confirmar
season.ball.season,Saison,Season,Temporada,Stagione,Temporada
season.ball.matches,Matchs,Gamees,Partidos,Partite,Partidas
season.label,Season {season} - Day {day},Season {season} - Day {day},Temporada {season} - Día {day},Stagione {season} - Giorno {day},Temporada {season} - Dia {day}
END_SEASON_TITLE,Fin de saison,End of season,Fin de temporada,Fine stagione,Fim da temporada
END_SEASON_RANK,Votre équipe termine à la place %d.,Your team finishes in position %d.,Tu equipo termina en la posición %d.,La tua squadra termina in posizione %d.,Sua equipe termina na posição %d.
END_SEASON_RANK_1,Votre équipe termine à la 1re place.,Your team finishes 1st.,Tu equipo termina en 1ª posición.,La tua squadra termina al 1° posto.,Sua equipe termina em 1º lugar.
END_SEASON_RANK_2,Votre équipe termine à la 2e place.,Your team finishes 2nd.,Tu equipo termina en 2ª posición.,La tua squadra termina al 2° posto.,Sua equipe termina em 2º lugar.
END_SEASON_SUMMARY,Bilan,Summary,Resumen,Riepilogo,Resumo
END_SEASON_WINS,Victoires,Wins,Victorias,Vittorie,Vitórias
END_SEASON_LOSSES,Défaites,Losses,Derrotas,Sconfitte,Derrotas
END_SEASON_NEW_SEASON,Commencer la nouvelle saison,Start new season,Comenzar nueva temporada,Inizia nuova stagione,Iniciar nova temporada
login.step_email,1. Entrez votre email,1. Enter your email,1. Introduce tu email,1. Inserisci la tua email,1. Insira seu e-mail
login.step_send_code,2. Recevoir le code (ouvrez ensuite votre email pour voir le code),2. Get code (then check your email for the code),2. Recibir el código (luego abre tu correo para ver el código),2. Ricevi il codice (poi apri la tua email per vedere il codice),2. Receber o código (depois abra seu email para ver o código)
login.step_code,3. Saisissez le code,3. Enter the code,3. Introduce el código,3. Inserisci il codice,3. Digite o código
login.step_validate,4. Validez,4. Validate,4. Valida,4. Conferma,4. Validar
login.step.email,1. Entrez votre email,1. Enter your email,1. Introduce tu email,1. Inserisci la tua email,1. Digite seu email
login.step.send_code_hint,2. Recevoir le code (ouvrez ensuite votre email pour voir le code),2. Get code (then check your email for the code),2. Recibir el código (luego abre tu correo para ver el código),2. Ricevi il codice (poi apri la tua email per vedere il codice),2. Receber o código (depois abra seu email para ver o código)
login.step.code,3. Saisissez le code,3. Enter the code,3. Introduce el código,3. Inserisci il codice,3. Digite o código
login.step.validate,4. Validez,4. Validate,4. Valida,4. Convalida,4. Validar
login.btn.send_code,Recevoir le code,Get code,Recibir el código,Ricevi il codice,Receber o código
login.btn.validate,Valider,Validate,Validar,Convalida,Validar
tournois.select_tournament,Sélectionnez un tournoi,Select a tournament,Seleccione un torneo,Seleziona un torneo,Selecione um torneio
tournois.launch_round,Lancer le tour,Launch round,Lanzar ronda,Lancia turno,Lançar rodada
tournois.completed,Tournoi finalisé,Tournament completed,Torneo finalizado,Torneo completato,Torneio finalizado
tournois.beginner,Débutant,Beginner,Principiante,Principiante,Iniciante
tournois.current_round,Tour actuel,Current round,Ronda actual,Turno attuale,Rodada atual
tournois.round,Tour,Round,Ronda,Turno,Rodada
tournois.tournament_a,Tournoi A,Tournament A,Torneo A,Torneo A,Torneio A
tournois.intermediate,Intermédiaire,Intermediate,Intermedio,Intermedio,Intermediário
tournois.elite,Élite,Elite,Élite,Élite,Elite
myteam.poste,Poste,Position,Posición,Posizione,Posição
myteam.age,Âge,Age,Edad,Età,Idade
myteam.performance,Performance,Performance,Rendimiento,Prestazione,Desempenho
myteam.salary,Salaire,Salary,Salario,Salario,Salário
myteam.header.poste,Poste,Position,Posición,Posizione,Posição
myteam.header.age,Âge,Age,Edad,Età,Idade
myteam.header.performance,Performance,Performance,Rendimiento,Prestazione,Desempenho
myteam.header.salary,Salaire,Salary,Salario,Salario,Salário
myteam.motivation,Motivation,Motivation,Motivación,Motivazione,Motivação
myteam.header.motivation,Motivation,Motivation,Motivación,Motivazione,Motivação
classement.evolution,Évolution classement,Ranking evolution,Evolución clasificación,Evoluzione classifica,Evolução classificação
standings.graph.title,Évolution classement,Ranking evolution,Evolución clasificación,Evoluzione classifica,Evolução classificação
standings.team_header,Équipe,Team,Equipo,Squadra,Equipe
tournois.intermediate_selected_info,Intermédiaire sélectionné (écran bracket à brancher ensuite).,Intermediate selected (bracket screen to be connected later).,Intermedio seleccionado (pantalla del cuadro por conectar después).,Intermedio selezionato (schermata del tabellone da collegare in seguito).,Intermediário selecionado (tela da chave a conectar depois).
tournois.elite_selected_info,Élite sélectionné (écran bracket à brancher ensuite).,Elite selected (bracket screen to be connected later).,Élite seleccionado (pantalla del cuadro por conectar después).,Élite selezionato (schermata del tabellone da collegare in seguito).,Elite selecionado (tela da chave a conectar depois).
tournois.victory_title,Victoire !,Victory!,¡Victoria!,Vittoria!,Vitória!
tournois.victory_subtitle,Victoire dans le Tournoi A,Victory in Tournament A,Victoria en el Torneo A,Vittoria nel Torneo A,Vitória no Torneio A
common.close,Fermer,Close,Cerrar,Chiudi,Fechar
popup.staff_intro.title,Staff Unlocked!,Staff Unlocked!,Staff Unlocked!,Staff Unlocked!,Staff Unlocked!
popup.staff_intro.body,"Votre club a atteint le niveau 2.\n\nVous pouvez maintenant recruter des coachs et du staff pour renforcer votre équipe.","Your club has reached Level 2.\n\nYou can now hire coaches and staff to strengthen your team.","Tu club ha alcanzado el nivel 2.\n\nAhora puedes contratar entrenadores y personal para reforzar tu equipo.","Il tuo club ha raggiunto il livello 2.\n\nOra puoi ingaggiare coach e staff per rafforzare la squadra.","Seu clube alcançou o nível 2.\n\nAgora você pode contratar técnicos e equipe para fortalecer seu time."
tournois.reward_title,Récompense du tournoi,Tournament reward,Recompensa del torneo,Ricompensa del torneo,Recompensa do torneio
tournois.reward_subtitle,Gain d'argent,Prize money,Premio en dinero,Premio in denaro,Prémio em dinheiro
selection.avg_age,Âge moyen,Average age,Edad media,Età media,Idade média
selection.avg_salary,Salaire moyen,Average salary,Salario medio,Salario medio,Salário médio
finance.income.sponsors,Revenus sponsors,Sponsor revenue,Ingresos de patrocinadores,Entrate sponsor,Receita de patrocinadores
finance.income.tournaments,Tournois,Tournaments,Torneos,Tornei,Torneios
selection.avg_perf,Perf moyenne,Average performance,Rendimiento medio,Prestazione media,Performance média
tournois.info.teams,Équipes,Teams,Equipos,Squadre,Equipes
tournois.info.entry_fee,Adhésion,Entry fee,Inscripción,Iscrizione,Adesão
tournois.info.registration,Jouer,Play,Jugar,Gioca,Jogar
tournois.info.runner_up,Finaliste,Runner-up,Finalista,Finalista,Finalista
tournois.info.champion,Champion,Winner,Campeón,Campione,Campeão
tournois.info.tokens,tokens,tokens,tokens,tokens,tokens
tournois.result.first_short,1er,1st,1.º,1°,1º
tournois.result.second_short,2e,2nd,2.º,2°,2º
finance.expenses.tournament_fees,Frais tournois,Tournament fees,Gastos torneos,Spese tornei,Taxas torneios
finance.graph.title,Tendance du solde,Balance trend,Tendencia del saldo,Andamento del saldo,Tendência do saldo
finance.message.first_visit_context,Un déficit initial est normal. Gagner augmente la Popularité et favorise les revenus futurs.,Early deficits are normal. Winning raises Popularity and supports future revenue.,Un déficit inicial es normal. Ganar aumenta la Popularidad y favorece los ingresos futuros.,Un deficit iniziale è normale. Vincere aumenta la Popolarità e favorisce le entrate future.,Um déficit inicial é normal. Vencer aumenta a Popularidade e favorece receitas futuras.
tournois.victory_subtitle_intermediate,Victoire dans le tournoi Intermédiaire,Victory in the Intermediate tournament,Victoria en el torneo Intermedio,Vittoria nel torneo Intermedio,Vitória no torneio Intermediário
tournois.victory_subtitle_elite,Victoire dans le tournoi Élite,Victory in the Elite tournament,Victoria en el torneo Élite,Vittoria nel torneo Élite,Vitória no torneio Elite
stadium_intro_title,Stadium,Stadium,Stadium,Stadium,Stadium
stadium_intro_capacity,>> Gérez votre stade et augmentez sa capacité,>> Manage your stadium and increase its capacity,>> Gestiona tu estadio y aumenta su capacidad,>> Gestisci il tuo stadio e aumentane la capienza,>> Gerencie seu estádio e aumente sua capacidade
stadium_intro_shop,>> Boutique : fixez vos prix pour générer des revenus,>> Shop: set your prices to generate revenue,>> Tienda: fija tus precios para generar ingresos,>> Negozio: imposta i prezzi per generare entrate,>> Loja: defina seus preços para gerar receita
stadium_intro_ticketing,>> Billetterie : ajustez prix et places pour optimiser vos gains,>> Ticketing: adjust prices and seat numbers to optimize your earnings,>> Taquilla: ajusta precios y plazas para optimizar tus ganancias,>> Biglietteria: regola prezzi e posti per ottimizzare i tuoi guadagni,>> Bilheteria: ajuste preços e quantidade de lugares para otimizar seus ganhos
stadium_btn_ticketing,Billetterie,Ticketing,Billettería,Biglietteria,Bilheteria
stadium_btn_shop,Boutique,Shop,Tienda,Negozio,Loja
stadium_btn_upgrade,Évolution Stade,Stadium Upgrade,Mejora del estadio,Evoluzione stadio,Evolução do estádio
missions.ui.active,Mission active,Active mission,Misión activa,Missione attiva,Missão ativa
missions.ui.progress,Progression,Progress,Progreso,Progresso,Progresso
missions.ui.reward,Gain,Reward,Recompensa,Ricompensa,Recompensa
missions.ui.claim,Réclamer,Claim,Reclamar,Riscuoti,Resgatar
missions.ui.in_progress,Mission en cours,Mission in progress,Misión en curso,Missione in corso,Missão em andamento
missions.ui.done,Terminé,Done,Completado,Completato,Concluído
missions.ui.all_done,Toutes les missions du niveau sont terminées.,All missions for this level are completed.,Todas las misiones del nivel están completadas.,Tutte le missioni del livello sono completate.,Todas as missões do nível estão concluídas.
missions.lv1.win_1,Gagner 3 matchs,Win 3 games,Ganar 3 partidos,Vincere 3 partite,Vencer 3 partidas
missions.lv1.pts_75_1,Marquer 75 points 2 fois,Score 75 points 2 times,Anotar 75 puntos 2 veces,Segnare 75 punti 2 volte,Marcar 75 pontos 2 vezes
missions.lv1.price_1,Ajuster 2 prix (boutique ou billetterie),Adjust 2 prices (shop or ticketing),Ajustar 2 precios (tienda o taquilla),Regolare 2 prezzi (shop o biglietteria),Ajustar 2 preços (loja ou bilheteria)
missions.lv1.stadium_1,Débloquer un niveau de stade,Unlock a stadium level,Desbloquear un nivel de estadio,Sbloccare un livello stadio,Desbloquear um nível de estádio
missions.lv2.win_3,Gagner 3 matchs,Win 3 gamees,Ganar 3 partidos,Vincere 3 partite,Vencer 3 partidas
missions.lv2.pts_75_2,Marquer 75 points 2 fois,Score 75 points twice,Anotar 75 puntos 2 veces,Segnare 75 punti 2 volte,Marcar 75 pontos 2 vezes
missions.lv2.price_2,Ajuster des prix 2 fois (boutique ou billetterie),Adjust prices twice (shop or ticketing),Ajustar precios 2 veces (tienda o taquilla),Regolare i prezzi 2 volte (shop o biglietteria),Ajustar preços 2 vezes (loja ou bilheteria)
missions.lv2.streak_2,Gagner 2 matchs d'affilée,Win 2 gamees in a row,Ganar 2 partidos seguidos,Vincere 2 partite di fila,Vencer 2 partidas seguidas
missions.lv2.win_5,Gagner 5 matchs,Win 5 games,Ganar 5 partidos,Vincere 5 partite,Vencer 5 partidas
missions.lv2.pts_90_1,Marquer 90 points 1 fois,Score 90 points 1 time,Anotar 90 puntos 1 vez,Segnare 90 punti 1 volta,Marcar 90 pontos 1 vez
missions.lv2.mercato_3,Acheter 3 joueurs au mercato,Buy 3 players in the transfer market,Comprar 3 jugadores en el mercado de fichajes,Acquistare 3 giocatori al mercato,Comprar 3 jogadores no mercado
missions.lv2.streak_3,Gagner 3 matchs d'affilée,Win 3 games in a row,Ganar 3 partidos seguidos,Vincere 3 partite di fila,Vencer 3 partidas seguidas
mercato.closed.title,Mercato fermé,Transfer market closed,Mercado cerrado,Mercato chiuso,Mercado fechado
mercato.closed.body,"Mercato fermé.Ouverture : avant la saison jusqu'au match 2 inclus, puis pendant les matchs 10, 11 et 12.","Transfer market closed.Open before the season up to game 2 inclusive, then during gamees 10, 11 and 12.","Mercado cerrado.Abierto antes de la temporada hasta el partido 2 inclusive, luego durante los partidos 10, 11 y 12.","Mercato chiuso.Aperto prima della stagione fino alla partita 2 inclusa, poi durante le partite 10, 11 e 12.","Mercado fechado.Aberto antes da temporada até o jogo 2 inclusive, depois durante os jogos 10, 11 e 12."
mercato.buy,Acheter,Buy,Comprar,Acquistare,Comprar
mercato.bought,Acheté,Bought,Comprado,Acquistato,Comprado
common.back,Retour,Back,Volver,Indietro,Voltar
mercato.title,Mercato,Transfer Market,Mercado,Mercato,Mercado
mercato.col.name,Nom,Name,Nombre,Nome,Nome
mercato.col.position,Poste,Position,Posición,Posizione,Posição
mercato.col.age,Âge,Age,Edad,Età,Idade
mercato.col.performance,Performance,Performance,Rendimiento,Prestazione,Desempenho
mercato.col.salary,Salaire,Salary,Salario,Salario,Salário
mercato.new_salaries_total,Nouveaux salaires,New salaries,Nuevos salarios,Nuovi salari,Novos salários
mercato.team_full_warning,Effectif complet : 12 joueurs maximum,Squad full: 12 players maximum,Plantilla completa: máximo 12 jugadores,Rosa al completo: massimo 12 giocatori,Plantel completo: máximo de 12 jogadores
mercato.team_full_sell_before,Tu dois vendre des joueurs avant,You must sell players first,Debes vender jugadores antes,Devi vendere giocatori prima,Você deve vender jogadores antes
myteam.btn.sell,Vendre,Sell,Vender,Vendi,Vender
myteam.header.sell_player,Vendre joueur,Sell Player,Vender jugador,Vendi giocatore,Vender jogador
myteam.btn.sold,Vendu,Sold,Vendido,Venduto,Vendido
myteam.btn.confirm,Confirmer,Confirm,Confirmar,Conferma,Confirmar
myteam.btn.confirm_sell,Confirmer la vente,Confirm sell,Confirmar venta,Conferma la vendita,Confirmar venda
myteam.sell.tooltip,Le Mercato pour les achats sera ouvert dès le match 1 de la Saison 2.,The transfer market for purchases opens from game 1 of Season 2.,El mercado para compras se abrirá desde el partido 1 de la Temporada 2.,Il mercato per gli acquisti sarà aperto dalla partita 1 della Stagione 2.,O mercado para compras abrirá a partir do jogo 1 da Temporada 2.
myteam.lineup_save.tooltip,Sauvegarde cette compo pour le reste de la saison. Tu peux la changer à tout moment.,Save this lineup for the rest of the season. You can change it anytime.,Guarda esta alineación para el resto de la temporada. Puedes cambiarla en cualquier momento.,Salva questa formazione per il resto della stagione. Puoi cambiarla in qualsiasi momento.,Guarda esta formação para o resto da temporada. Podes alterá-la a qualquer momento.
mercato.closed.open_from_season2,Ouvert à partir de la saison 2 !,Open from Season 2!,¡Abierto desde la temporada 2!,Aperto dalla stagione 2!,Aberto a partir da temporada 2!
player.position.point_guard,Meneur,Point Guard,Base,Playmaker,Base
player.position.shooting_guard,Arrière,Shooting Guard,Escolta,Guardia tiratore,Escolta
player.position.small_forward,Ailier,Small Forward,Alero,Ala piccola,Ala
player.position.center,Pivot,Center,Pívot,Centro,Pivô
player.position.point_forward,Ailier fort,Power Forward,Ala-pívot,Ala grande,Ala-pivô
player.position.short.point_guard,P.G.,P.G.,P.G.,P.G.,P.G.
player.position.short.shooting_guard,S.G.,S.G.,S.G.,S.G.,S.G.
player.position.short.small_forward,S.F.,S.F.,S.F.,S.F.,S.F.
player.position.short.point_forward,P.F.,P.F.,P.F.,P.F.,P.F.
player.position.short.center,C.,C.,C.,C.,C.
popup.last_match_finance.title,Bilan financier du dernier match,Last game financial summary,Balance financiero del último partido,Bilancio finanziario dell'ultima partita,Balanço financeiro da última partida
popup.last_match_finance.cta_finances,Voir les finances du club,See club finance,Ver las finanzas del club,Vedi le finanze del club,Ver as finanças do clube
popup.shop_out_of_stock.title,Shop Out of Stock,Shop Out of Stock,Shop Out of Stock,Shop Out of Stock,Shop Out of Stock
popup.shop_out_of_stock.body,Restock your products in the Shop to keep generating income for your club.,Restock your products in the Shop to keep generating income for your club.,Restock your products in the Shop to keep generating income for your club.,Restock your products in the Shop to keep generating income for your club.,Restock your products in the Shop to keep generating income for your club.
teamname.placeholder,Créer le nom de l’équipe,Create team name,Crear nombre del equipo,Crea nome squadra,Criar nome da equipa
popup_stadium_home_only,Les revenus des visiteurs au stade ont lieu uniquement pendant les matchs à domicile.,Stadium visitor income only happens during home gamees.,Los ingresos de los visitantes del estadio solo se generan en los partidos en casa.,Le entrate dei visitatori dello stadio si generano solo durante le partite in casa.,As receitas dos visitantes do estádio só acontecem nos jogos em casa.
popup.match_compo.title,Compose ton équipe de joueurs pour le match,Set your player lineup for the match,Compón tu equipo de jugadores para el partido,Componi la tua squadra per la partita,Monte sua equipe para a partida
popup.match_compo.body,"Avant les matchs, tu dois composer ton équipe de 8 joueurs parmi les meilleurs. Prends en compte leur état de fatigue et leur motivation pour mettre toutes les chances de ton équipe de remporter le match. Bonne chance !","Before each match, you need to build your team of 8 players from your best options. Take their fatigue and motivation into account to give your team the best chance to win. Good luck!","Antes de cada partido, debes componer tu equipo de 8 jugadores entre los mejores. Ten en cuenta su fatiga y motivación para darle a tu equipo las mejores opciones de ganar. ¡Buena suerte!","Prima di ogni partita, devi comporre la tua squadra di 8 giocatori scegliendo i migliori. Tieni conto di fatica e motivazione per dare alla tua squadra le migliori possibilità di vincere. Buona fortuna!","Antes de cada partida, você deve montar sua equipe de 8 jogadores entre os melhores. Leve em conta fadiga e motivação para dar ao seu time a melhor chance de vencer. Boa sorte!"
popup.match_compo.cta,Faire la compo,Set lineup,Hacer la alineación,Crea la formazione,Montar escalação
myteam.btn.select_to_play,Sélectionner pour jouer,Select to play,Seleccionar para jugar,Seleziona per giocare,Selecionar para jogar
myteam.selected_to_play_count,Joueurs sélectionnés pour jouer,Selected to play,Seleccionados para jugar,Giocatori selezionati per giocare,Selecionados para jogar
myteam.btn.confirm_match_selection,Confirmer la composition,Confirm lineup,Confirmar quinteto,Conferma quintetto,Confirmar escalação
myteam.header.fatigue,Fatigue,Fatigue,Fatiga,Fatica,Fadiga
myteam.header.fatigue,Fatigue,Fitness,Fatiga,Fatica,Fadiga
selection.header.motivation,Motivation,Motivation,Motivación,Motivazione,Motivação
tooltip.selection.player,Joueur et avatar.,Player and avatar.,Jugador y avatar.,Giocatore e avatar.,Jogador e avatar.
tooltip.selection.position,Poste du joueur.,Player position.,Posición del jugador.,Ruolo del giocatore.,Posição do jogador.
tooltip.selection.age,Âge du joueur.,Age of the player.,Edad del jugador.,Età del giocatore.,Idade do jogador.
tooltip.selection.shooting,Capacité offensive.,Offensive ability.,Capacidad ofensiva.,Capacità offensiva.,Capacidade ofensiva.
tooltip.selection.speed,Vitesse du joueur.,Player speed.,Velocidad del jugador.,Velocità del giocatore.,Velocidade do jogador.
tooltip.selection.defense,Capacité défensive.,Defensive ability.,Capacidad defensiva.,Capacità difensiva.,Capacidade defensiva.
tooltip.selection.accuracy,Précision du joueur.,Player precision.,Precisión del jugador.,Precisione del giocatore.,Precisão do jogador.
tooltip.selection.motivation,Motivation actuelle.,Current motivation.,Motivación actual.,Motivazione attuale.,Motivação atual.
tooltip.selection.salary,Salaire payé par match.,Salary paid per game.,Salario pagado por partido.,Stipendio pagato a partita.,Salário pago por jogo.
ui.popularity.tooltip,"Indice qui indique le taux de remplissage du stade. Il évolue au gré des victoires/défaites de ton équipe, et représente le taux de succès de tes supporters.",,,,
club.popularity.tooltip,"Indice qui indique le taux de remplissage du stade. Il évolue au gré des victoires et défaites de ton équipe, et représente le soutien de tes supporters.","Indicator showing the stadium fill rate. It changes with your team's wins and losses, and reflects your supporters' backing.","Índice que indica la tasa de llenado del estadio. Evoluciona según las victorias y derrotas de tu equipo, y representa el apoyo de tus aficionados.",Indicatore che mostra il tasso di riempimento dello stadio. Si evolve in base alle vittorie e sconfitte della tua squadra e rappresenta il sostegno dei tuoi tifosi.,Indicador que mostra a taxa de lotação do estádio. Evolui conforme as vitórias e derrotas da tua equipa e representa o apoio dos teus adeptos.
coach.quote.junior,Je sécurise ta composition en évitant les erreurs majeures. Ton équipe devient stable et fiable.,I secure your lineup by avoiding major mistakes. Your team becomes stable and reliable.,Aseguro tu alineación evitando errores graves. Tu equipo se vuelve estable y fiable.,Rendo la tua formazione sicura evitando errori gravi. La tua squadra diventa stabile e affidabile.,Asseguro a tua formação evitando erros graves. A tua equipa torna-se estável e fiável.
coach.quote.confirme,J’optimise ta composition selon la forme et la fatigue des joueurs. Ton équipe devient plus performante.,I optimize your lineup using player form and fatigue. Your team performs more consistently.,Optimizo tu alineación según la forma y la fatiga de los jugadores. Tu equipo rinde mejor.,Ottimizzo la tua formazione in base a forma e fatica dei giocatori. La tua squadra è più performante.,Otimizo a tua formação com base na forma e fadiga dos jogadores. A tua equipa rende melhor.
coach.quote.elite,Je sélectionne en continu la meilleure composition et donne un vrai avantage en match.,I constantly select the best possible lineup and give your team a real edge in games.,Selecciono continuamente la mejor alineación y doy una ventaja real en los partidos.,Seleziono continuamente la migliore formazione e do un vero vantaggio in partita.,Seleciono continuamente a melhor formação e dou uma vantagem real nos jogos.
coach.title.tooltip,"With a coach, you no longer need to prepare your lineup before every match. He selects the team for you based on player attributes, helping you save time and play more efficiently.","With a coach, you no longer need to prepare your lineup before every match. He selects the team for you based on player attributes, helping you save time and play more efficiently.","Con un entrenador, ya no necesitas preparar tu alineación antes de cada partido. Él selecciona el equipo según los atributos de los jugadores, ayudándote a ahorrar tiempo y a jugar con más eficacia.","Con un coach, non devi più preparare la tua formazione prima di ogni partita. Seleziona lui la squadra in base agli attributi dei giocatori, aiutandoti a risparmiare tempo e a giocare in modo più efficace.","Com um treinador, já não precisas de preparar a tua equipa antes de cada jogo. Ele escolhe a equipa com base nos atributos dos jogadores, ajudando-te a poupar tempo e a jogar com mais eficácia."
common.confirm,Confirmer,Confirm,Confirmar,Conferma,Confirmar
mercato.btn.confirm_buy,Confirmer achat,Confirm buy,Confirmar compra,Conferma acquisto,Confirmar compra
coach.popup.not_enough_tokens,Pas assez de tokens,Not enough tokens,No tienes suficientes tokens,Token insufficienti,Tokens insuficientes
mercato.licensed_players,Licensed players: %d / 12,Licensed players: %d / 12,Jugadores con licencia: %d / 12,Giocatori con licenza: %d / 12,Jogadores com licença: %d / 12
player.attr.tir,Tir,Shooting,Tiro,Tiro,Tiro
player.card.age,Âge,Age,Edad,Età,Idade
player.card.salary,Salaire,Salary,Salario,Salario,Salário
player.card.rating,Niveau,Rating,Valoración,Valutazione,Nível
player.card.shooting,Tir,Shooting,Tiro,Tiro,Tiro
player.card.speed,Vitesse,Speed,Velocidad,Velocità,Velocidade
player.card.defense,Défense,Defense,Defensa,Difesa,Defesa
player.card.accuracy,Précision,Accuracy,Precisión,Precisione,Precisão
player.card.motivation,Motivation,Motivation,Motivación,Motivazione,Motivação
player.card.endurance,Endurance,Endurance,Resistencia,Resistenza,Resistência
player.card.fatigue,Fatigue,Fatigue,Fatiga,Fatica,Fadiga
player.card.injured,Blessé,Injured,Lesionado,Infortunato,Lesionado
tournois.finalist_title,2e place !,Runner-up!,¡2.º puesto!,2° posto!,2º lugar!
tournois.finalist_subtitle,Votre équipe termine finaliste du tournoi,Your team finishes as tournament runner-up,Tu equipo termina subcampeón del torneo,La tua squadra chiude il torneo al secondo posto,Sua equipe termina o torneio como vice-campeã
menu.play_instantly.tooltip,Créez et jouez avec votre équipe. Vous pouvez sauvegarder votre progression en local ou dans le cloud.,Create and play with your team. You can save your progress locally or in the cloud.,Crea y juega con tu equipo. Puedes guardar tu progreso localmente o en la nube.,Crea e gioca con la tua squadra. Puoi salvare i tuoi progressi localmente o nel cloud.,Cria e joga com a tua equipa. Podes guardar o teu progresso localmente ou na cloud.
menu.create_team.tooltip,Create a team saved online and accessible anywhere. Compare your performance with players worldwide,Create a team saved online and accessible anywhere. Compare your performance with players worldwide,Crea un equipo guardado en línea y accesible desde cualquier lugar. Compara tu rendimiento con jugadores de todo el mundo,Crea una squadra salvata online e accessibile ovunque. Confronta le tue prestazioni con giocatori di tutto il mondo,Crie uma equipe salva online e acessível de qualquer lugar. Compare seu desempenho com jogadores do mundo todo
menu.resume_game.tooltip,Continue your saved team and current progress,Continue your saved team and current progress,Continúa con tu equipo guardado y tu progreso actual,Continua con la tua squadra salvata e i tuoi progressi attuali,Continue sua equipe salva e seu progresso atual
menu.save.tooltip,Sauvegarder votre progression actuelle sur cet appareil et en ligne si connecté,Save your current progress on this device and online if connected,Guarda tu progreso actual en este dispositivo y en línea si estás conectado,Salva i tuoi progressi attuali su questo dispositivo e online se sei connesso,Salve seu progresso atual neste dispositivo e online se estiver conectado
menu.languages,Langues,Languages,Idiomas,Lingue,Idiomas
stadium.shop.col.last_sales,Ventes dernier match,Last game sales,Ventas último partido,Vendite ultima partita,Vendas último jogo
stadium.shop.col.estimated_revenue,Recettes estimées,Estimated revenue,Ingresos estimados,Ricavi stimati,Receitas estimadas
stadium.shop.total_estimate,Estimation totale,Total estimate,Estimación total,Stima totale,Estimativa total
stadium.shop.first_open_info,"Les matchs à domicile génèrent maintenant des ventes boutique et réduisent votre stock. Gardez un œil sur votre inventaire et réassortissez avant que les produits soient épuisés.","Home games now generate shop sales and reduce your stock. Keep an eye on your inventory and restock before products run out.","Los partidos en casa ahora generan ventas de tienda y reducen tu stock. Vigila tu inventario y repón antes de que se agoten los productos.","Le partite in casa ora generano vendite nel negozio e riducono le scorte. Tieni d’occhio l’inventario e fai rifornimento prima che i prodotti finiscano.","Os jogos em casa agora geram vendas da loja e reduzem o teu stock. Fica atento ao inventário e repõe antes que os produtos esgotem."
goal.climb_standings_once,You are {rank}.<br>Next game matters !,You are {rank}.<br>Next game matters !,You are {rank}.<br>Next game matters !,You are {rank}.<br>Next game matters !,You are {rank}.<br>Next game matters !
goal.climb_standings_match17,You are {rank}.<br>La fin de saison arrive dans 4 matchs !,You are {rank}.<br>The end of the season is coming in 4 games!,You are {rank}.<br>¡El final de la temporada llega en 4 partidos!,You are {rank}.<br>La fine della stagione arriva tra 4 partite!,You are {rank}.<br>O fim da temporada chega em 4 jogos!
finance.trend.negative.1,Expenses outpacing income (high salaries),Expenses outpacing income (high salaries),,,
finance.trend.negative.2,Losing money each match (low ticket sales),Losing money each match (low ticket sales),,,
finance.trend.negative.3,Costs too high (player wages),Costs too high (player wages),,,
finance.trend.negative.4,Revenue too low (poor pricing),Revenue too low (poor pricing),,,
finance.trend.negative.5,Finances declining (weak attendance),Finances declining (weak attendance),,,
finance.trend.negative.6,Negative balance growing (high expenses),Negative balance growing (high expenses),,,
finance.trend.negative.7,Budget under pressure (low income),Budget under pressure (low income),,,
finance.trend.negative.8,Losses increasing (shop underperforming),Losses increasing (shop underperforming),,,
finance.trend.negative.9,Spending too much (no sponsor income),Spending too much (no sponsor income),,,
finance.trend.negative.10,Income dropping (fan interest falling),Income dropping (fan interest falling),,,
finance.trend.stable.1,Finances stable (balanced income and costs),Finances stable (balanced income and costs),,,
finance.trend.stable.2,No major change (steady performance),No major change (steady performance),,,
finance.trend.stable.3,Income matches expenses,Income matches expenses,,,
finance.trend.stable.4,Stable revenue (consistent ticket sales),Stable revenue (consistent ticket sales),,,
finance.trend.stable.5,Balanced budget (no major shifts),Balanced budget (no major shifts),,,
finance.trend.stable.6,Steady finances (no clear trend),Steady finances (no clear trend),,,
finance.trend.stable.7,Performance holding steady,Performance holding steady,,,
finance.trend.stable.8,"No growth, no loss (neutral phase)","No growth, no loss (neutral phase)",,,
finance.trend.stable.9,Finances unchanged (same strategy),Finances unchanged (same strategy),,,
finance.trend.stable.10,Stable situation (predictable results),Stable situation (predictable results),,,
finance.trend.positive.1,Revenue growing (ticket pricing working),Revenue growing (ticket pricing working),,,
finance.trend.positive.2,Profits increasing (strong attendance),Profits increasing (strong attendance),,,
finance.trend.positive.3,Income exceeds expenses,Income exceeds expenses,,,
finance.trend.positive.4,Finances improving (good strategy),Finances improving (good strategy),,,
finance.trend.positive.5,Positive balance rising,Positive balance rising,,,
finance.trend.positive.6,Strong revenue (fans engaged),Strong revenue (fans engaged),,,
finance.trend.positive.7,Good profit (optimized pricing),Good profit (optimized pricing),,,
finance.trend.positive.8,Growth accelerating (better results),Growth accelerating (better results),,,
finance.trend.positive.9,Income boosted (shop performing well),Income boosted (shop performing well),,,
finance.trend.positive.10,Financial situation improving,Financial situation improving,,,
matchsim.live.minute10.lineup_positive,Votre composition semble bien entrer dans le match.,Your lineup looks settled early.,Tu composición parece entrar bien en el partido.,La tua formazione sembra entrare bene in partita.,A tua composição parece entrar bem no jogo.
matchsim.live.minute10.lineup_positive_2,Votre cinq trouve rapidement ses automatismes.,Your five is finding chemistry quickly.,Tu quinteto encuentra rápido sus automatismos.,Il tuo quintetto trova subito intesa.,O teu cinco encontra entrosamento rapidamente.
matchsim.live.minute10.lineup_positive_3,Votre équipe impose déjà son rythme.,Your team is already setting the rhythm.,Tu equipo ya impone su ritmo.,La tua squadra impone già il ritmo.,A tua equipa já impõe o ritmo.
matchsim.live.minute10.lineup_positive_4,La composition choisie semble bien équilibrée.,The lineup you chose looks well balanced.,La alineación elegida parece bien equilibrada.,La formazione scelta sembra ben equilibrata.,A composição escolhida parece bem equilibrada.
matchsim.live.minute10.lineup_positive_5,Le début de match valide vos choix.,The start of the game is backing up your choices.,El inicio del partido respalda tus decisiones.,L’inizio della partita conferma le tue scelte.,O início do jogo confirma as tuas escolhas.
matchsim.live.minute10.lineup_negative,Le groupe sélectionné tente de répondre au défi.,The selected group is trying to meet the challenge.,El grupo elegido intenta responder al desafío.,Il gruppo scelto prova a rispondere alla sfida.,O grupo escolhido tenta responder ao desafio.
matchsim.live.minute10.lineup_negative_2,L’adversaire met votre composition sous pression.,The opponent is putting your lineup under pressure.,El rival pone tu composición bajo presión.,L’avversario mette sotto pressione la tua formazione.,O adversário coloca a tua composição sob pressão.
matchsim.live.minute10.lineup_negative_3,Votre cinq doit encore trouver ses repères.,Your five still needs to find its bearings.,Tu quinteto aún necesita encontrar referencias.,Il tuo quintetto deve ancora prendere le misure.,O teu cinco ainda precisa encontrar referências.
matchsim.live.minute10.lineup_negative_4,Le début de match demande des ajustements.,The start of the game calls for adjustments.,El inicio del partido pide ajustes.,L’inizio della partita richiede aggiustamenti.,O início do jogo pede ajustes.
matchsim.live.minute10.lineup_negative_5,La composition subit le rythme adverse.,Your lineup is absorbing the opponent’s tempo.,Tu alineación sufre el ritmo rival.,La tua formazione subisce il ritmo avversario.,A tua composição sofre o ritmo adversário.
matchsim.live.minute10.motivation_positive,Les joueurs sélectionnés répondent présents.,The selected players are stepping up.,Los jugadores elegidos están respondiendo.,I giocatori scelti stanno rispondendo.,Os jogadores escolhidos estão a responder.
matchsim.live.minute10.motivation_positive_2,L’énergie du groupe se voit dès les premières actions.,The group’s energy shows from the opening plays.,La energía del grupo se nota desde las primeras jugadas.,L’energia del gruppo si vede fin dalle prime azioni.,A energia do grupo nota-se desde as primeiras jogadas.
matchsim.live.minute10.motivation_positive_3,L’intensité du groupe donne le ton.,The group’s intensity is setting the tone.,La intensidad del grupo marca el tono.,L’intensità del gruppo dà il tono.,A intensidade do grupo dá o tom.
matchsim.live.minute10.motivation_positive_4,Vos joueurs affichent une vraie envie.,Your players are showing real intent.,Tus jugadores muestran verdadera ambición.,I tuoi giocatori mostrano vera determinazione.,Os teus jogadores mostram verdadeira vontade.
matchsim.live.minute10.motivation_positive_5,L’équipe commence avec beaucoup d’engagement.,The team is starting with strong commitment.,El equipo empieza con mucho compromiso.,La squadra parte con grande impegno.,A equipa começa com muito compromisso.
matchsim.live.minute10.neutral,Votre groupe cherche son rythme.,Your group is looking for its rhythm.,Tu grupo busca su ritmo.,Il tuo gruppo cerca ritmo.,O teu grupo procura ritmo.
matchsim.live.minute10.neutral_2,Le match s’installe et votre équipe prend ses repères.,The game is settling in and your team is finding its bearings.,El partido se asienta y tu equipo toma referencias.,La partita si assesta e la tua squadra prende le misure.,O jogo estabiliza e a tua equipa encontra referências.
matchsim.live.minute10.neutral_3,Le début de match reste équilibré.,The opening stretch remains balanced.,El inicio del partido sigue equilibrado.,L’avvio resta equilibrato.,O início do jogo continua equilibrado.
matchsim.live.minute10.neutral_4,Votre équipe construit progressivement son match.,Your team is gradually building into the game.,Tu equipo va construyendo el partido poco a poco.,La tua squadra entra gradualmente in partita.,A tua equipa entra gradualmente no jogo.
matchsim.live.minute10.neutral_5,Les premières minutes restent ouvertes.,The opening minutes are still open.,Los primeros minutos siguen abiertos.,I primi minuti restano aperti.,Os primeiros minutos continuam abertos.
matchsim.live.minute25.close,Chaque possession commence à compter.,Every possession is starting to matter.,Cada posesión empieza a contar.,Ogni possesso inizia a contare.,Cada posse começa a contar.
matchsim.live.minute25.close_2,Le score reste serré et le moindre détail peut peser.,The score stays tight and every detail can matter.,El marcador sigue ajustado y cada detalle puede pesar.,Il punteggio resta stretto e ogni dettaglio può pesare.,O resultado continua apertado e cada detalhe pode pesar.
matchsim.live.minute25.close_3,Le match reste indécis à ce moment clé.,The game is still undecided at this key moment.,El partido sigue indeciso en este momento clave.,La partita resta incerta in questo momento chiave.,O jogo continua indeciso neste momento chave.
matchsim.live.minute25.close_4,Chaque attaque peut faire basculer le match.,Every trip down the floor can swing the game.,Cada ataque puede cambiar el partido.,Ogni possesso offensivo può cambiare la partita.,Cada ataque pode virar o jogo.
matchsim.live.minute25.close_5,Votre équipe doit rester lucide dans ce moment serré.,Your team needs composure in this tight stretch.,Tu equipo necesita serenidad en este tramo ajustado.,La tua squadra deve restare lucida in questa fase equilibrata.,A tua equipa precisa manter a calma nesta fase apertada.
matchsim.live.minute25.fatigue,Le groupe sélectionné montre des signes de fatigue.,The selected group is showing signs of fatigue.,El grupo elegido muestra signos de fatiga.,Il gruppo scelto mostra segni di fatica.,O grupo escolhido mostra sinais de fadiga.
matchsim.live.minute25.fatigue_2,Les jambes commencent à peser dans votre rotation.,Legs are starting to feel heavy in your rotation.,Las piernas empiezan a pesar en tu rotación.,Le gambe iniziano a pesare nella tua rotazione.,As pernas começam a pesar na tua rotação.
matchsim.live.minute25.fatigue_3,La fraîcheur devient un vrai facteur.,Freshness is becoming a real factor.,La frescura empieza a ser un factor real.,La freschezza diventa un fattore reale.,A frescura começa a ser um fator real.
matchsim.live.minute25.fatigue_4,Le groupe doit gérer son énergie jusqu’au bout.,The group needs to manage its energy to the end.,El grupo debe gestionar su energía hasta el final.,Il gruppo deve gestire le energie fino alla fine.,O grupo precisa gerir a energia até ao fim.
matchsim.live.minute25.fatigue_5,La fatigue commence à influencer l’équilibre.,Fatigue is starting to affect the balance.,La fatiga empieza a influir en el equilibrio.,La fatica inizia a influenzare l’equilibrio.,A fadiga começa a influenciar o equilíbrio.
matchsim.live.minute25.motivation_low,L’équipe doit retrouver de l’intensité.,The team needs to regain intensity.,El equipo debe recuperar intensidad.,La squadra deve ritrovare intensità.,A equipa precisa recuperar intensidade.
matchsim.live.minute25.motivation_low_2,Il faut remettre de l’impact pour inverser la dynamique.,Your team needs more impact to shift momentum.,Hay que meter más impacto para cambiar la dinámica.,Serve più impatto per cambiare l’inerzia.,É preciso mais impacto para mudar a dinâmica.
matchsim.live.minute25.motivation_low_3,Le groupe doit retrouver de l’élan.,The group needs to find momentum again.,El grupo debe recuperar impulso.,Il gruppo deve ritrovare slancio.,O grupo precisa recuperar impulso.
matchsim.live.minute25.motivation_low_4,Votre équipe manque encore d’agressivité positive.,Your team still needs more positive aggression.,A tu equipo aún le falta agresividad positiva.,Alla tua squadra serve ancora più aggressività positiva.,A tua equipa ainda precisa de mais agressividade positiva.
matchsim.live.minute25.motivation_low_5,Il faut relancer l’intensité collective.,The collective intensity needs a spark.,Hay que reactivar la intensidad colectiva.,Serve riaccendere l’intensità collettiva.,É preciso reacender a intensidade coletiva.
matchsim.live.minute25.neutral,Vos joueurs tentent de garder le contrôle du match.,Your players are trying to keep control of the game.,Tus jugadores intentan mantener el control del partido.,I tuoi giocatori cercano di mantenere il controllo della partita.,Os teus jogadores tentam manter o controlo do jogo.
matchsim.live.minute25.neutral_2,Votre équipe gère le tempo sans se précipiter.,Your team is managing the tempo without rushing.,Tu equipo gestiona el ritmo sin precipitarse.,La tua squadra gestisce il ritmo senza fretta.,A tua equipa gere o ritmo sem precipitação.
matchsim.live.minute25.neutral_3,Le match reste sous contrôle sans être fermé.,The game remains controlled without being settled.,El partido sigue controlado sin estar cerrado.,La partita resta controllata ma non chiusa.,O jogo continua controlado sem estar fechado.
matchsim.live.minute25.neutral_4,Votre groupe reste organisé dans cette phase.,Your group is staying organized in this stretch.,Tu grupo se mantiene organizado en esta fase.,Il tuo gruppo resta organizzato in questa fase.,O teu grupo mantém-se organizado nesta fase.
matchsim.live.minute25.neutral_5,L’équipe cherche le bon moment pour accélérer.,The team is looking for the right moment to push.,El equipo busca el momento justo para acelerar.,La squadra cerca il momento giusto per accelerare.,A equipa procura o momento certo para acelerar.
matchsim.impact.lineup_positive.1,Votre choix de composition a porté ses fruits.,Your lineup choice paid off.,Tu elección de quinteto dio resultado.,La tua scelta di formazione ha dato frutti.,A tua escolha de equipa deu resultado.
matchsim.impact.lineup_positive.2,L’effectif sélectionné a répondu présent.,The selected squad stepped up.,La plantilla seleccionada respondió.,La squadra selezionata ha risposto presente.,O plantel selecionado respondeu presente.
matchsim.impact.lineup_positive.3,Votre stratégie de sélection s’est révélée payante.,Your selection strategy proved effective.,Tu estrategia de selección fue acertada.,La tua strategia di selezione si è rivelata efficace.,A tua estratégia de seleção foi eficaz.
matchsim.impact.lineup_negative.1,L’adversaire avait un effectif plus fort.,The opponent had a stronger squad.,El rival tenía una plantilla más fuerte.,L’avversario aveva una squadra più forte.,O adversário tinha um plantel mais forte.
matchsim.impact.lineup_negative.2,L’effectif retenu a subi l’écart de niveau.,The selected squad felt the quality gap.,La plantilla elegida sufrió la diferencia de nivel.,La squadra scelta ha sofferto il divario di livello.,O plantel escolhido sentiu a diferença de nível.
matchsim.impact.lineup_negative.3,Votre composition a affronté un rapport de force défavorable.,Your lineup faced an unfavorable matchup.,Tu composición afrontó un duelo desfavorable.,La tua formazione ha affrontato un confronto sfavorevole.,A tua composição enfrentou um confronto desfavorável.
matchsim.impact.motivation_positive.1,Le groupe a répondu à vos attentes.,The group met your expectations.,El grupo respondió a tus expectativas.,Il gruppo ha risposto alle tue aspettative.,O grupo respondeu às tuas expectativas.
matchsim.impact.motivation_positive.2,Les joueurs ont affiché l’état d’esprit recherché.,The players showed the mindset you wanted.,Los jugadores mostraron la mentalidad buscada.,I giocatori hanno mostrato la mentalità cercata.,Os jogadores mostraram a atitude esperada.
matchsim.impact.motivation_positive.3,Votre équipe a montré l’engagement attendu.,Your team showed the expected commitment.,Tu equipo mostró el compromiso esperado.,La tua squadra ha mostrato l’impegno atteso.,A tua equipa mostrou o compromisso esperado.
matchsim.impact.motivation_negative.1,La motivation était trop basse.,Motivation was too low.,La motivación era demasiado baja.,La motivazione era troppo bassa.,A motivação estava baixa demais.
matchsim.impact.motivation_negative.2,L’équipe a manqué d’intensité mentale.,The team lacked mental intensity.,Al equipo le faltó intensidad mental.,Alla squadra è mancata intensità mentale.,Faltou intensidade mental à equipa.
matchsim.impact.motivation_negative.3,Le groupe n’a pas affiché l’engagement attendu.,The group did not show the expected commitment.,El grupo no mostró el compromiso esperado.,Il gruppo non ha mostrato l’impegno atteso.,O grupo não mostrou o compromisso esperado.
matchsim.impact.fatigue_negative.1,Plusieurs titulaires semblaient manquer de fraîcheur.,Several starters seemed short on freshness.,Varios titulares parecían faltos de frescura.,Diversi titolari sembravano poco freschi.,Vários titulares pareciam sem frescura.
matchsim.impact.fatigue_negative.2,Votre groupe a semblé moins énergique que d’habitude.,Your group looked less energetic than usual.,Tu grupo pareció menos enérgico de lo habitual.,Il tuo gruppo è sembrato meno energico del solito.,O teu grupo pareceu menos enérgico do que o habitual.
matchsim.impact.fatigue_negative.3,La fatigue a réduit l’intensité.,Fatigue reduced the intensity.,La fatiga redujo la intensidad.,La fatica ha ridotto l’intensità.,A fadiga reduziu a intensidade.
matchsim.impact.fatigue_positive.1,Votre groupe avait de la fraîcheur.,Your group looked fresh.,Tu grupo mostró frescura.,Il tuo gruppo sembrava fresco.,O teu grupo mostrou frescura.
matchsim.impact.fatigue_positive.2,Les joueurs retenus avaient l’énergie nécessaire.,The selected players had enough energy.,Los jugadores elegidos tenían energía suficiente.,I giocatori scelti avevano energia sufficiente.,Os jogadores escolhidos tinham energia suficiente.
matchsim.impact.fatigue_positive.3,La fraîcheur a aidé à tenir le rythme.,Fresh legs helped maintain the pace.,La frescura ayudó a mantener el ritmo.,La freschezza ha aiutato a tenere il ritmo.,A frescura ajudou a manter o ritmo.
finance.comment.salaries_pressure.1,La masse salariale met la trésorerie sous pression.,The wage bill is pressuring cash flow.,La masa salarial presiona la tesorería.,Il monte salari mette sotto pressione la cassa.,A massa salarial pressiona a tesouraria.
finance.comment.salaries_pressure.2,Les salaires absorbent trop de recettes.,Salaries are absorbing too much income.,Los salarios absorben demasiados ingresos.,Gli stipendi assorbono troppe entrate.,Os salários absorvem receitas demais.
finance.comment.salaries_pressure.3,Le coût de l’effectif pèse sur le club.,Squad costs are weighing on the club.,El coste de la plantilla pesa en el club.,Il costo della squadra pesa sul club.,O custo do plantel pesa no clube.
finance.comment.salaries_pressure.4,Les salaires réduisent la marge financière.,Salaries are reducing the financial margin.,Los salarios reducen el margen financiero.,Gli stipendi riducono il margine finanziario.,Os salários reduzem a margem financeira.
finance.comment.salaries_pressure.5,Le budget reste marqué par le poids de l’effectif.,The budget is still shaped by squad costs.,El presupuesto sigue marcado por el peso de la plantilla.,Il bilancio resta condizionato dal peso della squadra.,O orçamento continua marcado pelo peso do plantel.
finance.comment.stadium_cost.1,Les travaux du stade pèsent sur le solde.,Stadium works are weighing on the balance.,Las obras del estadio pesan en el saldo.,I lavori dello stadio pesano sul saldo.,As obras do estádio pesam no saldo.
finance.comment.stadium_cost.2,L’investissement stade explique les dépenses.,Stadium investment explains the spending.,La inversión en estadio explica el gasto.,L’investimento nello stadio spiega le spese.,O investimento no estádio explica as despesas.
finance.comment.stadium_cost.3,Le stade réduit le résultat immédiat.,The stadium is reducing the short-term result.,El estadio reduce el resultado inmediato.,Lo stadio riduce il risultato immediato.,O estádio reduz o resultado imediato.
finance.comment.stadium_cost.4,Les investissements stade pèsent sur ce bilan.,Stadium investments are weighing on this balance.,Las inversiones en estadio pesan en este balance.,Gli investimenti nello stadio pesano su questo bilancio.,Os investimentos no estádio pesam neste balanço.
finance.comment.stadium_cost.5,Le solde reflète l’effort consenti pour le stade.,The balance reflects the effort invested in the stadium.,El saldo refleja el esfuerzo invertido en el estadio.,Il saldo riflette lo sforzo investito nello stadio.,O saldo reflete o esforço investido no estádio.
finance.comment.tickets_positive.1,La billetterie soutient les finances.,Ticket revenue is supporting finances.,La taquilla sostiene las finanzas.,La biglietteria sostiene le finanze.,A bilheteira sustenta as finanças.
finance.comment.tickets_positive.2,L’affluence reste un moteur de recettes.,Attendance remains an income driver.,La asistencia sigue impulsando ingresos.,L’affluenza resta un motore di entrate.,A afluência continua a impulsionar receitas.
finance.comment.tickets_positive.3,Les revenus de match couvrent les charges.,Game revenue is covering costs.,Los ingresos de partido cubren costes.,I ricavi da partita coprono i costi.,As receitas de jogo cobrem os custos.
finance.comment.tickets_positive.4,La billetterie donne une vraie base aux revenus.,Ticketing is giving revenue a real base.,La taquilla da una base real a los ingresos.,La biglietteria dà una vera base alle entrate.,A bilheteira dá uma base real às receitas.
finance.comment.tickets_positive.5,Les recettes de match stabilisent le club.,Game revenue is stabilizing the club.,Los ingresos de partido estabilizan el club.,I ricavi da partita stabilizzano il club.,As receitas de jogo estabilizam o clube.
finance.comment.shop_positive.1,La boutique devient une vraie recette.,The shop is becoming real income.,La tienda se vuelve un ingreso real.,Il negozio diventa una vera entrata.,A loja torna-se uma receita real.
finance.comment.shop_positive.2,Les ventes boutique renforcent le club.,Shop sales are strengthening the club.,Las ventas de tienda refuerzan el club.,Le vendite del negozio rafforzano il club.,As vendas da loja reforçam o clube.
finance.comment.shop_positive.3,La boutique complète bien les recettes.,The shop adds useful extra income.,La tienda suma ingresos útiles.,Il negozio aggiunge entrate utili.,A loja acrescenta receitas úteis.
finance.comment.shop_positive.4,La boutique apporte un complément utile aux revenus.,The shop is adding a useful income layer.,La tienda aporta un complemento útil a los ingresos.,Il negozio aggiunge un contributo utile alle entrate.,A loja acrescenta um complemento útil às receitas.
finance.comment.shop_positive.5,Les ventes boutique renforcent le bilan du club.,Shop sales are strengthening the club balance.,Las ventas de tienda refuerzan el balance del club.,Le vendite del negozio rafforzano il bilancio del club.,As vendas da loja reforçam o balanço do clube.
finance.comment.stable.1,Le club reste financièrement stable.,The club remains financially stable.,El club se mantiene estable financieramente.,Il club resta finanziariamente stabile.,O clube mantém-se financeiramente estável.
finance.comment.stable.2,Recettes et dépenses restent équilibrées.,Income and expenses remain balanced.,Ingresos y gastos siguen equilibrados.,Entrate e spese restano equilibrate.,Receitas e despesas continuam equilibradas.
finance.comment.stable.3,La situation financière reste sous contrôle.,The financial situation remains controlled.,La situación financiera sigue bajo control.,La situazione finanziaria resta sotto controllo.,A situação financeira continua sob controlo.
finance.comment.stable.4,Le club avance sans déséquilibre financier majeur.,The club is moving forward without a major financial imbalance.,El club avanza sin un gran desequilibrio financiero.,Il club procede senza grandi squilibri finanziari.,O clube avança sem grande desequilíbrio financeiro.
finance.comment.stable.5,Le bilan reste lisible et maîtrisé.,The balance remains clear and controlled.,El balance sigue claro y controlado.,Il bilancio resta chiaro e sotto controllo.,O balanço continua claro e controlado.
matchsim.impact.close_positive.1,Vos choix ont fait la différence au bon moment.,Your choices made the difference at the right time.,Tus decisiones marcaron la diferencia en el momento justo.,Le tue scelte hanno fatto la differenza al momento giusto.,As tuas escolhas fizeram a diferença no momento certo.
matchsim.impact.close_positive.2,Votre composition a tenu bon jusqu’au bout.,Your lineup held firm until the end.,Tu composición resistió hasta el final.,La tua formazione ha tenuto fino alla fine.,A tua composição aguentou até ao fim.
matchsim.impact.close_positive.3,Le groupe a répondu présent dans un match serré.,The group stepped up in a tight game.,El grupo respondió en un partido ajustado.,Il gruppo ha risposto in una gara tirata.,O grupo respondeu num jogo apertado.
matchsim.impact.close_negative.1,La rencontre s’est jouée sur quelques détails.,The game came down to small details.,El partido se decidió por detalles.,La partita si è decisa su piccoli dettagli.,O jogo decidiu-se em pequenos detalhes.
matchsim.impact.close_negative.2,Votre composition est passée tout près.,Your lineup came very close.,Tu composición estuvo muy cerca.,La tua formazione ci è andata molto vicina.,A tua composição esteve muito perto.
matchsim.impact.close_negative.3,Le match est resté ouvert jusqu’à la fin.,The game stayed open until the end.,El partido siguió abierto hasta el final.,La partita è rimasta aperta fino alla fine.,O jogo manteve-se aberto até ao fim.
teamname.confirm_team_name,Confirmer le nom de l’équipe,Confirm team name,Confirmar nombre del equipo,Conferma nome squadra,Confirmar nome da equipa
matchsim.get_final_result,Obtenir le résultat final,Get Final Result,Obtener resultado final,Ottieni risultato finale,Obter resultado final
matchsim.unlock,Débloquer,Unlock,Desbloquear,Sblocca,Desbloquear
club_identity.not_enough_tokens,Pas assez de tokens,Not enough tokens,No tienes suficientes tokens,Token insufficienti,Tokens insuficientes
club_identity.title,IDENTITÉ DU CLUB,CLUB IDENTITY,IDENTIDAD DEL CLUB,IDENTITÀ DEL CLUB,IDENTIDADE DO CLUBE
club_identity.open,Ouvrir,Open,Abrir,Apri,Abrir
club_identity.badge_name,Blason {number},Badge {number},Escudo {number},Stemma {number},Emblema {number}
club_identity.level,Niveau {level},Level {level},Nivel {level},Livello {level},Nível {level}
club_identity.locked,Verrouillé,Locked,Bloqueado,Bloccato,Bloqueado
club_identity.equipped,Équipé,Equipped,Equipado,Equipaggiato,Equipado
club_identity.equip,Équiper,Equip,Equipar,Equipaggia,Equipar
club_identity.owned,Possédé,Owned,En propiedad,Posseduto,Possuído
club_identity.not_owned,Non possédé,Not Owned,No poseído,Non posseduto,Não possuído
club_identity.owned_badges,Sélectionner le blason principal,Select Main Badge,Seleccionar escudo principal,Seleziona stemma principale,Selecionar emblema principal
club_identity.select,Sélectionner,Select,Seleccionar,Seleziona,Selecionar
club_identity.selected,Sélectionné,Selected,Seleccionado,Selezionato,Selecionado
club_identity.unlock,Débloquer,Unlock,Desbloquear,Sblocca,Desbloquear
club_identity.upgrade,Améliorer,Upgrade,Mejorar,Migliora,Melhorar
club_identity.action_change,Changer,Change,Cambiar,Cambia,Alterar
club_identity.action_upgrade,Améliorer,Upgrade,Mejorar,Migliora,Melhorar
club_identity.action_change_upgrade,Changer + améliorer,Change + Upgrade,Cambiar + mejorar,Cambia + migliora,Alterar + melhorar
club_identity.action_confirm,{action} pour {cost} Tokens ?,{action} for {cost} Tokens?,¿{action} por {cost} Tokens?,{action} per {cost} Token?,{action} por {cost} Tokens?
club_identity.unavailable,Étape suivante,Next step,Siguiente paso,Passo successivo,Próximo passo
club_identity.unlock_cost,Débloquer {cost} Tokens,Unlock {cost} Tokens,Desbloquear {cost} Tokens,Sblocca {cost} Token,Desbloquear {cost} Tokens
club_identity.upgrade_cost,Améliorer {cost} Tokens,Upgrade {cost} Tokens,Mejorar {cost} Tokens,Migliora {cost} Token,Melhorar {cost} Tokens
club_identity.unlock_confirm,Débloquer ce blason pour {cost} Tokens ?,Unlock this badge for {cost} Tokens?,¿Desbloquear este escudo por {cost} Tokens?,Sbloccare questo stemma per {cost} Token?,Desbloquear este emblema por {cost} Tokens?
club_identity.upgrade_confirm,Améliorer ce blason pour {cost} Tokens ?,Upgrade this badge for {cost} Tokens?,¿Mejorar este escudo por {cost} Tokens?,Migliorare questo stemma per {cost} Token?,Melhorar este emblema por {cost} Tokens?
club_identity.cancel,Annuler,Cancel,Cancelar,Annulla,Cancelar
club_identity.confirm,Confirmer,Confirm,Confirmar,Conferma,Confirmar
club_identity.premium_placeholder,Collection Premium — plus tard,Premium Collection — coming later,Colección Premium — más adelante,Collezione Premium — più avanti,Coleção Premium — mais tarde
menu.continue_team.tooltip,Continuez votre progression avec {team},Continue your progress with {team},Continúa tu progreso con {team},Continua i tuoi progressi con {team},Continua o teu progresso com {team}
teamname.create_new_team,Créer une nouvelle équipe,Create New Team,Crear nuevo equipo,Crea nuova squadra,Criar nova equipa
teamname.create_new_team.tooltip,Créer une nouvelle équipe et repartir de zéro.,Create a new team and start from scratch.,Crear un equipo nuevo y empezar desde cero.,Crea una nuova squadra e ricomincia da zero.,Criar uma nova equipa e começar do zero.
player.card.graph.attack,Attaque,Attack,Ataque,Attacco,Ataque
player.card.graph.defense,Défense,Defense,Defensa,Difesa,Defesa
player.card.graph.mental,Mental,Mental,Mental,Mentale,Mental
player.card.graph.physical,Physique,Physical,Físico,Fisico,Físico
player.card.graph.tooltip,"Profil du joueur\n\nAttaque :\nTir, précision et efficacité offensive.\n\nDéfense :\nCapacité à défendre son adversaire.\n\nPhysique :\nVitesse, endurance et fraîcheur.\n\nMental :\nMotivation et état d'esprit.","Player profile\n\nAttack:\nShooting, accuracy and offensive efficiency.\n\nDefense:\nAbility to defend the opponent.\n\nPhysical:\nSpeed, endurance and freshness.\n\nMental:\nMotivation and mindset.","Perfil del jugador\n\nAtaque:\nTiro, precisión y eficacia ofensiva.\n\nDefensa:\nCapacidad para defender al rival.\n\nFísico:\nVelocidad, resistencia y frescura.\n\nMental:\nMotivación y estado de ánimo.","Profilo giocatore\n\nAttacco:\nTiro, precisione ed efficacia offensiva.\n\nDifesa:\nCapacità di difendere sull’avversario.\n\nFisico:\nVelocità, resistenza e freschezza.\n\nMentale:\nMotivazione e stato mentale.","Perfil do jogador\n\nAtaque:\nArremesso, precisão e eficiência ofensiva.\n\nDefesa:\nCapacidade de defender o adversário.\n\nFísico:\nVelocidade, resistência e frescor.\n\nMental:\nMotivação e estado de espírito."
player.card.graph.tooltip.attack_defense,Attaque =\nTir + Précision + Réussite à 2 pts + Réussite à 3 pts\n\nDéfense =\nvaleur Défense du joueur,Attack =\nShooting + Accuracy + 2-point success rate + 3-point success rate\n\nDefense =\nplayer Defense value,Ataque =\nTiro + Precisión + Acierto de 2 pts + Acierto de 3 pts\n\nDefensa =\nvalor Defensa del jugador,Attacco =\nTiro + Precisione + Percentuale da 2 punti + Percentuale da 3 punti\n\nDifesa =\nvalore Difesa del giocatore,Ataque =\nArremesso + Precisão + Aproveitamento de 2 pts + Aproveitamento de 3 pts\n\nDefesa =\nvalor de Defesa do jogador
player.card.graph.tooltip.physical_mental,Physique =\nVitesse + Endurance + Fraîcheur (100 - fatigue)\n\nMental =\nvaleur Motivation du joueur,Physical =\nSpeed + Endurance + Freshness (100 - fatigue)\n\nMental =\nplayer Motivation value,Físico =\nVelocidad + Resistencia + Frescura (100 - fatiga)\n\nMental =\nvalor Motivación del jugador,Fisico =\nVelocità + Resistenza + Freschezza (100 - fatica)\n\nMentale =\nvalore Motivazione del giocatore,Físico =\nVelocidade + Resistência + Frescor (100 - fadiga)\n\nMental =\nvalor de Motivação do jogador
matchsim.progress_info.line1,Le score du match évoluera minute après minute.,The match score will evolve minute by minute.,El marcador del partido evolucionará minuto a minuto.,Il punteggio della partita evolverà minuto dopo minuto.,O resultado do jogo evoluirá minuto a minuto.
matchsim.progress_info.line2,1 seconde correspond à 1 minute de jeu.,1 second equals 1 minute of play.,1 segundo corresponde a 1 minuto de juego.,1 secondo corrisponde a 1 minuto di gioco.,1 segundo corresponde a 1 minuto de jogo.
club_tokens.stripe.buy_pack,Acheter {amount} Club Tokens - {price},Buy {amount} Club Tokens - {price},Comprar {amount} Club Tokens - {price},Acquista {amount} Club Token - {price},Comprar {amount} Club Tokens - {price}
club_tokens.stripe.payment_opened,"Page de paiement ouverte
Termine ton paiement dans le nouvel onglet, puis reviens ici.","Payment page opened
Complete your payment in the new tab, then return here.","Página de pago abierta
Completa el pago en la nueva pestaña y vuelve aquí.","Pagina di pagamento aperta
Completa il pagamento nella nuova scheda, poi torna qui.","Página de pagamento aberta
Conclui o pagamento no novo separador e volta aqui."
club_tokens.stripe.payment_opened_status,"Page de paiement ouverte. Termine ton paiement dans le nouvel onglet, puis reviens ici.","Payment page opened. Complete your payment in the new tab, then return here.",Página de pago abierta. Completa el pago en la nueva pestaña y vuelve aquí.,"Pagina di pagamento aperta. Completa il pagamento nella nuova scheda, poi torna qui.",Página de pagamento aberta. Conclui o pagamento no novo separador e volta aqui.
club_tokens.stripe.check_refresh,Vérifier le paiement et rafraîchir les Tokens,Check payment and refresh tokens,Comprobar pago y actualizar tokens,Controlla pagamento e aggiorna token,Verificar pagamento e atualizar tokens
club_tokens.stripe.close,Fermer,Close,Cerrar,Chiudi,Fechar
club_tokens.stripe.payment_confirmed,"Paiement confirmé
{tokens_added} Club Tokens ajoutés
Nouveau solde : {new_balance} Club Tokens","Payment confirmed
{tokens_added} Club Tokens added
New balance: {new_balance} Club Tokens","Pago confirmado
{tokens_added} Club Tokens añadidos
Nuevo saldo: {new_balance} Club Tokens","Pagamento confermato
{tokens_added} Club Token aggiunti
Nuovo saldo: {new_balance} Club Token","Pagamento confirmado
{tokens_added} Club Tokens adicionados
Novo saldo: {new_balance} Club Tokens"
club_tokens.stripe.added_status,{tokens_added} Club Tokens ajoutés.,{tokens_added} Club Tokens added.,{tokens_added} Club Tokens añadidos.,{tokens_added} Club Token aggiunti.,{tokens_added} Club Tokens adicionados.
club_tokens.stripe.loading_title,Paiement sécurisé Basket Manager,Basket Manager secure payment,Pago seguro Basket Manager,Pagamento sicuro Basket Manager,Pagamento seguro Basket Manager
club_tokens.stripe.loading_message,Préparation du paiement sécurisé...,Preparing secure payment...,Preparando pago seguro...,Preparazione pagamento sicuro...,A preparar pagamento seguro...
club_tokens.stripe.creating_session,Préparation du paiement sécurisé...,Preparing secure payment...,Preparando pago seguro...,Preparazione pagamento sicuro...,A preparar pagamento seguro...
club_tokens.stripe.open_secure_payment,Ouvrir le paiement sécurisé,Open secure payment,Abrir pago seguro,Apri pagamento sicuro,Abrir pagamento seguro
club_tokens.stripe.open_blocked,Le paiement sécurisé est prêt. Touche Ouvrir le paiement sécurisé.,Secure payment is ready. Tap Open secure payment.,El pago seguro está listo. Toca Abrir pago seguro.,Il pagamento sicuro è pronto. Tocca Apri pagamento sicuro.,O pagamento seguro está pronto. Toca Abrir pagamento seguro.
club_tokens.stripe.session_failed,La demande de paiement a échoué. Réessaie.,Payment request failed. Please try again.,La solicitud de pago falló. Inténtalo de nuevo.,La richiesta di pagamento non è riuscita. Riprova.,O pedido de pagamento falhou. Tenta novamente.
club_tokens.stripe.response_invalid,Réponse de paiement invalide. Réessaie.,Payment response invalid. Please try again.,Respuesta de pago no válida. Inténtalo de nuevo.,Risposta di pagamento non valida. Riprova.,Resposta de pagamento inválida. Tenta novamente.
club_tokens.stripe.url_missing,URL de paiement manquante. Réessaie.,Payment URL missing. Please try again.,Falta la URL de pago. Inténtalo de nuevo.,URL di pagamento mancante. Riprova.,URL de pagamento em falta. Tenta novamente.
club_tokens.stripe.refreshing,Vérification du paiement et rafraîchissement des Tokens...,Checking payment and refreshing tokens...,Comprobando pago y actualizando tokens...,Controllo pagamento e aggiornamento token...,A verificar pagamento e atualizar tokens...
club_tokens.stripe.refresh_failed,Le rafraîchissement du paiement a échoué. Réessaie.,Payment refresh failed. Please try again.,La actualización del pago falló. Inténtalo de nuevo.,Aggiornamento pagamento non riuscito. Riprova.,A atualização do pagamento falhou. Tenta novamente.
club_tokens.stripe.still_confirming,Le paiement est encore en cours de confirmation. Cela prend généralement quelques secondes.,Payment is still being confirmed. This usually takes only a few seconds.,El pago aún se está confirmando. Normalmente tarda solo unos segundos.,Il pagamento è ancora in conferma. Di solito bastano pochi secondi.,O pagamento ainda está a ser confirmado. Normalmente demora apenas alguns segundos.
club_tokens.stripe.login_required,Connexion requise,Login required,Inicio de sesión requerido,Accesso richiesto,Início de sessão necessário
club_tokens.stripe.no_pending_pack,Aucun pack en attente,No pending package,No hay paquete pendiente,Nessun pacchetto in attesa,Nenhum pacote pendente
club_tokens.stripe.unknown_pack,Pack de Tokens inconnu,Unknown token package,Pack de tokens desconocido,Pacchetto token sconosciuto,Pacote de tokens desconhecido
club_tokens.stripe.cancelled,Paiement annulé,Payment cancelled,Pago cancelado,Pagamento annullato,Pagamento cancelado
club_tokens.reward_earned.one,+{amount} Club Token gagné !,+{amount} Club Token earned !,+{amount} Club Token ganado !,+{amount} Club Token guadagnato !,+{amount} Club Token ganho !
club_tokens.reward_earned.many,+{amount} Club Tokens gagnés !,+{amount} Club Tokens earned !,+{amount} Club Tokens ganados !,+{amount} Club Token guadagnati !,+{amount} Club Tokens ganhos !
matchsim.game_lineup,Composition du match,Game Lineup,Alineación del partido,Formazione partita,Escalação do jogo
matchsim.match_in_progress,Match en cours,Match in progress,Partido en curso,Partita in corso,Jogo em andamento
matchsim.read_only,Lecture seule,Read only,Solo lectura,Sola lettura,Apenas leitura
matchsim.starting_five,CINQ MAJEUR,STARTING FIVE,CINCO INICIAL,QUINTETTO BASE,CINCO INICIAL
matchsim.bench,BANC,BENCH,BANQUILLO,PANCHINA,BANCO
matchsim.energy,Énergie,Energy,Energía,Energia,Energia
matchsim.coach_name.junior,Coach Teddy,Coach Teddy,Coach Teddy,Coach Teddy,Coach Teddy
matchsim.coach_name.confirme,Coach James,Coach James,Coach James,Coach James,Coach James
matchsim.coach_name.elite,Coach Alan,Coach Alan,Coach Alan,Coach Alan,Coach Alan
matchsim.game_lineup.coach_optimized,"Optimisée selon les critères de {coach} : niveau, forme et fraîcheur.","Optimized by {coach}'s staff criteria: quality, form and freshness.","Optimizada según los criterios de {coach}: nivel, forma y frescura.","Ottimizzata secondo i criteri di {coach}: livello, forma e freschezza.","Otimizada segundo os critérios de {coach}: nível, forma e frescura."
finance.tooltip.tickets,"Revenus issus des ventes de billets pour ce match à domicile, influencés par vos prix et la popularité du club, qui attire plus de fans dans l'arène.","Income from ticket sales for this home game, influenced by your ticket prices and your club's popularity, which attracts more fans to the arena.","Ingresos de la venta de entradas para este partido en casa, influenciados por tus precios y la popularidad del club, que atrae a más aficionados al pabellón.","Entrate dalla vendita dei biglietti per questa partita in casa, influenzate dai prezzi e dalla popolarità del club, che attira più tifosi nell'arena.","Receita da venda de bilhetes para este jogo em casa, influenciada pelos preços e pela popularidade do clube, que atrai mais adeptos à arena."
finance.tooltip.shops,"Revenus estimés de la nourriture, des boissons et des produits dérivés vendus pendant ce match à domicile. Un club plus populaire attire plus de fans et augmente les ventes de la boutique.","Estimated income from food, drinks and merchandise sold during this home game. A more popular club attracts more fans and increases shop sales.","Ingresos estimados por comida, bebidas y productos vendidos durante este partido en casa. Un club más popular atrae a más aficionados y aumenta las ventas de la tienda.","Entrate stimate da cibo, bevande e merchandising venduti durante questa partita in casa. Un club più popolare attira più tifosi e aumenta le vendite del negozio.","Receita estimada de comida, bebidas e merchandising vendidos durante este jogo em casa. Um clube mais popular atrai mais adeptos e aumenta as vendas da loja."
finance.tooltip.salaries,"Les salaires annuels de tous les joueurs de votre effectif, répartis sur chaque match de la saison.","The annual salaries of all players in your club squad, spread across each game of the season.","Los salarios anuales de todos los jugadores de tu plantilla, repartidos entre cada partido de la temporada.","Gli stipendi annuali di tutti i giocatori della rosa del club, distribuiti su ogni partita della stagione.","Os salários anuais de todos os jogadores do plantel do clube, distribuídos por cada jogo da época."
